host,project_name,serial,dataset_name,model_name,freeze_backbone,model_name_teacher,selector,tgda,pretrained,ckpt_path_teacher,square_resize_random_crop,cont_loss,cont_temp,loss_cont_weight,pooling_function,lr,base_lr,opt,weight_decay,seed,epochs,image_size,batch_size,num_images_train,num_images_val,val_acc,val_loss,train_acc,train_loss,time_total,max_memory,flops,no_params,no_params_trainable,throughput
server-3090,KD_try,0,aircraft,resnet18,,,,False,False,,True,False,0.07,1,gap,0.0005,,adamw,0.05,0,800,224,8,6667,3333,78.85,1.702,100.0,0.0,269.2553,1.9199,1.8161,11.2278,11.2278,
server-3090,KD_try,0,aircraft,resnet18,,resnet101,,False,False,/hdd/edwin/results_backbones/ft_ckpts/aircraft_resnet101.pth,True,False,0.07,1,gap,0.0005,,adamw,0.05,0,800,224,8,6667,3333,82.84,0.747,99.97,0.222,437.06,4.7773,1.8161,53.9329,11.2278,
server-3090,KD_try,0,aircraft,resnet18,,resnet101,cal,False,False,/hdd/edwin/results_backbones/cal_ckpts/aircraft_resnet101_cal.pth,True,False,0.07,1,gap,0.0005,,adamw,0.05,0,800,224,8,6667,3333,80.71,0.726,100.0,0.131,464.474,4.8281,1.8161,60.3472,11.2278,
server-3090,KD_try,0,aircraft,resnet18,,resnet101,cal,True,False,/hdd/edwin/results_backbones/cal_ckpts/aircraft_resnet101_cal.pth,True,False,0.07,1,gap,0.0005,,adamw,0.05,0,800,224,8,6667,3333,85.24,0.567,100.0,0.292,777.5022,4.8887,1.8161,60.3472,11.2278,
nando-MS-7D88,KD_try,0,aircraft,vit_t16,,,,False,False,,True,False,0.07,1,gap,0.0005,,adamw,0.05,0,800,224,8,6667,3333,27.27,7.522,100.0,0.0,191.7944,0.3516,1.2545,5.5437,5.5437,
DGX-CN02,KD_try,0,aircraft,vit_t16,,vit_b16,cal,False,False,/home/edwinarkelrios.ee08/ckpts/cal_ckpts/aircraft_vit_b16_cal.pth,True,False,0.07,1,gap,0.0005,,adamw,0.05,0,800,224,8,6667,3333,34.77,3.745,100.0,0.07,347.1418,0.7812,1.2473,93.8227,5.5433,
DGX-CN02,KD_try,0,aircraft,vit_t16,,vit_b16,cal,True,False,/home/edwinarkelrios.ee08/ckpts/cal_ckpts/aircraft_vit_b16_cal.pth,True,False,0.07,1,gap,0.0005,,adamw,0.05,0,800,224,8,6667,3333,47.01,3.079,100.0,0.732,592.199,1.1836,1.2473,93.8227,5.5433,
nando-MS-7D88,KD_try,0,aircraft,vit_t16,,vit_b16,,False,False,/home/nando/ckpts/ft_ckpts/aircraft_vit_b16.pth,True,False,0.07,1,gap,0.0005,,adamw,0.05,0,800,224,8,6667,3333,35.25,5.076,100.0,0.136,268.9415,0.6836,1.2545,91.4193,5.5437,
nando-MS-7D88,KD_try,0,aircraft,vit_t16,,resnet101,,False,False,/home/nando/ckpts/ft_ckpts/aircraft_resnet101.pth,True,False,0.07,1,gap,0.0005,,adamw,0.05,0,800,224,8,6667,3333,29.85,5.007,100.0,0.464,234.5914,0.5195,1.2545,48.2488,5.5437,
DGX-CN01,KD_try,0,aircraft,vit_t16,,resnet101,cal,False,False,/home/edwinarkelrios.ee08/ckpts/cal_ckpts/aircraft_resnet101_cal.pth,True,False,0.07,1,gap,0.0005,,adamw,0.05,0,800,224,8,6667,3333,39.96,2.981,100.0,0.2,332.0198,0.7129,1.2473,54.6627,5.5433,
DGX-CN01,KD_try,0,aircraft,vit_t16,,resnet101,cal,True,False,/home/edwinarkelrios.ee08/ckpts/cal_ckpts/aircraft_resnet101_cal.pth,True,False,0.07,1,gap,0.0005,,adamw,0.05,0,800,224,8,6667,3333,41.73,2.76,100.0,0.485,585.4845,1.0488,1.2473,54.6627,5.5433,
DGX-CN01,KD_try,1,aircraft,resnet18,,,,False,False,,True,False,0.07,1,gap,0.0005,,adamw,0.05,0,800,224,8,6667,3333,79.0,1.456,99.64,0.012,145.0969,2.4414,1.8161,11.2278,11.2278,
DGX-CN02,KD_try,1,aircraft,resnet18,,resnet101,,False,False,/home/edwinarkelrios.ee08/ckpts/ft_ckpts/aircraft_resnet101.pth,True,False,0.07,1,gap,0.0005,,adamw,0.05,0,800,224,8,6667,3333,85.87,0.631,98.89,0.355,187.1055,2.6016,1.8161,53.9329,11.2278,
DGX-CN01,KD_try,1,aircraft,resnet18,,resnet101,cal,False,False,/home/edwinarkelrios.ee08/ckpts/cal_ckpts/aircraft_resnet101_cal.pth,True,False,0.07,1,gap,0.0005,,adamw,0.05,0,800,224,8,6667,3333,83.26,0.632,99.68,0.21,196.9979,2.6465,1.8161,60.3472,11.2278,
DGX-CN02,KD_try,1,aircraft,resnet18,,resnet101,cal,True,False,/home/edwinarkelrios.ee08/ckpts/cal_ckpts/aircraft_resnet101_cal.pth,True,False,0.07,1,gap,0.0005,,adamw,0.05,0,800,224,8,6667,3333,84.55,0.567,99.64,0.367,334.3945,2.8828,1.8161,60.3472,11.2278,
nando-MS-7D88,KD_try,1,aircraft,vit_t16,,,,False,False,,True,False,0.07,1,gap,0.0005,,adamw,0.05,0,800,224,8,6667,3333,17.97,8.322,99.92,0.002,192.5626,0.3516,1.2545,5.5437,5.5437,
DGX-CN02,KD_try,1,aircraft,vit_t16,,vit_b16,cal,False,False,/home/edwinarkelrios.ee08/ckpts/cal_ckpts/aircraft_vit_b16_cal.pth,True,False,0.07,1,gap,0.0005,,adamw,0.05,0,800,224,8,6667,3333,35.7,3.772,99.88,0.265,347.3636,0.7812,1.2473,93.8227,5.5433,
DGX-CN02,KD_try,1,aircraft,vit_t16,,vit_b16,cal,True,False,/home/edwinarkelrios.ee08/ckpts/cal_ckpts/aircraft_vit_b16_cal.pth,True,False,0.07,1,gap,0.0005,,adamw,0.05,0,800,224,8,6667,3333,42.54,3.622,99.92,1.015,593.0116,1.1836,1.2473,93.8227,5.5433,
nando-MS-7D88,KD_try,1,aircraft,vit_t16,,vit_b16,,False,False,/home/nando/ckpts/ft_ckpts/aircraft_vit_b16.pth,True,False,0.07,1,gap,0.0005,,adamw,0.05,0,800,224,8,6667,3333,33.27,4.555,99.74,0.248,270.0642,0.6836,1.2545,91.4193,5.5437,
nando-MS-7D88,KD_try,1,aircraft,vit_t16,,resnet101,,False,False,/home/nando/ckpts/ft_ckpts/aircraft_resnet101.pth,True,False,0.07,1,gap,0.0005,,adamw,0.05,0,800,224,8,6667,3333,31.68,4.536,99.68,0.575,235.6619,0.5195,1.2545,48.2488,5.5437,
DGX-CN02,KD_try,1,aircraft,vit_t16,,resnet101,cal,False,False,/home/edwinarkelrios.ee08/ckpts/cal_ckpts/aircraft_resnet101_cal.pth,True,False,0.07,1,gap,0.0005,,adamw,0.05,0,800,224,8,6667,3333,32.64,3.346,99.95,0.275,312.5557,0.7129,1.2473,54.6627,5.5433,
DGX-CN02,KD_try,1,aircraft,vit_t16,,resnet101,cal,True,False,/home/edwinarkelrios.ee08/ckpts/cal_ckpts/aircraft_resnet101_cal.pth,True,False,0.07,1,gap,0.0005,,adamw,0.05,0,800,224,8,6667,3333,37.8,3.005,99.92,0.539,558.7316,1.0449,1.2473,54.6627,5.5433,
DGX-CN01,KD_try,2,aircraft,resnet18,,,,False,False,,True,False,0.07,1,gap,0.0005,,adamw,0.05,0,800,224,8,6667,3333,83.14,1.37,98.66,0.052,149.7875,2.4414,1.8161,11.2278,11.2278,
DGX-CN01,KD_try,2,aircraft,resnet18,,resnet101,cal,True,False,/home/edwinarkelrios.ee08/ckpts/cal_ckpts/aircraft_resnet101_cal.pth,True,False,0.07,1,gap,0.0005,,adamw,0.05,0,800,224,8,6667,3333,86.53,0.522,98.92,0.458,355.7267,2.8828,1.8161,60.3472,11.2278,
DGX-CN02,KD_try,2,aircraft,resnet18,,resnet101,,False,False,/home/edwinarkelrios.ee08/ckpts/ft_ckpts/aircraft_resnet101.pth,True,False,0.07,1,gap,0.0005,,adamw,0.05,0,800,224,8,6667,3333,86.35,0.597,97.6,0.475,208.7345,2.6016,1.8161,53.9329,11.2278,
DGX-CN01,KD_try,2,aircraft,resnet18,,resnet101,cal,False,False,/home/edwinarkelrios.ee08/ckpts/cal_ckpts/aircraft_resnet101_cal.pth,True,False,0.07,1,gap,0.0005,,adamw,0.05,0,800,224,8,6667,3333,84.7,0.597,98.75,0.288,204.1721,2.6465,1.8161,60.3472,11.2278,
nando-MS-7D88,KD_try,2,aircraft,vit_t16,,,,False,False,,True,False,0.07,1,gap,0.0005,,adamw,0.05,0,800,224,8,6667,3333,39.54,4.57,98.57,0.052,193.5352,0.3516,1.2545,5.5437,5.5437,
DGX-CN01,KD_try,2,aircraft,vit_t16,,vit_b16,cal,False,False,/home/edwinarkelrios.ee08/ckpts/cal_ckpts/aircraft_vit_b16_cal.pth,True,False,0.07,1,gap,0.0005,,adamw,0.05,0,800,224,8,6667,3333,54.79,2.164,98.9,0.23,318.2762,0.7812,1.2473,93.8227,5.5433,
DGX-CN01,KD_try,2,aircraft,vit_t16,,vit_b16,cal,True,False,/home/edwinarkelrios.ee08/ckpts/cal_ckpts/aircraft_vit_b16_cal.pth,True,False,0.07,1,gap,0.0005,,adamw,0.05,0,800,224,8,6667,3333,64.39,1.75,99.28,0.938,570.0682,1.1836,1.2473,93.8227,5.5433,
nando-MS-7D88,KD_try,2,aircraft,vit_t16,,vit_b16,,False,False,/home/nando/ckpts/ft_ckpts/aircraft_vit_b16.pth,True,False,0.07,1,gap,0.0005,,adamw,0.05,0,800,224,8,6667,3333,50.65,2.737,97.37,0.432,269.8208,0.6836,1.2545,91.4193,5.5437,
vsplab-DGX-Station-A100,KD_try,2,aircraft,vit_t16,,resnet101,cal,False,False,/Desktop/CodeFolder/results_backbones/cal_ckpts/aircraft_resnet101_cal.pth,True,False,0.07,1,gap,0.0005,,adamw,0.05,0,800,224,8,6667,3333,50.86,2.035,98.98,0.387,690.463,2.5684,1.2473,54.6627,5.5433,
nando-MS-7D88,KD_try,2,aircraft,vit_t16,,resnet101,,False,False,/home/nando/ckpts/ft_ckpts/aircraft_resnet101.pth,True,False,0.07,1,gap,0.0005,,adamw,0.05,0,800,224,8,6667,3333,51.94,2.452,97.63,0.783,237.6143,0.5195,1.2545,48.2488,5.5437,
vsplab-DGX-Station-A100,KD_try,2,aircraft,vit_t16,,resnet101,cal,True,False,/Desktop/CodeFolder/results_backbones/cal_ckpts/aircraft_resnet101_cal.pth,True,False,0.07,1,gap,0.0005,,adamw,0.05,0,800,224,8,6667,3333,58.24,1.678,99.61,0.64,1255.7529,2.6387,1.2473,54.6627,5.5433,
DGX-CN01,KD_try,3,aircraft,resnet18,,,,False,False,,True,False,0.07,1,gap,0.0005,,adamw,0.05,0,800,224,8,6667,3333,84.52,0.751,88.66,0.327,144.5448,2.4414,1.8161,11.2278,11.2278,
DGX-CN01,KD_try,3,aircraft,resnet18,,resnet101,cal,True,False,/home/edwinarkelrios.ee08/ckpts/cal_ckpts/aircraft_resnet101_cal.pth,True,False,0.07,1,gap,0.0005,,adamw,0.05,0,800,224,8,6667,3333,86.08,0.506,88.49,0.809,374.7022,2.8828,1.8161,60.3472,11.2278,
DGX-CN02,KD_try,3,aircraft,resnet18,,resnet101,,False,False,/home/edwinarkelrios.ee08/ckpts/ft_ckpts/aircraft_resnet101.pth,True,False,0.07,1,gap,0.0005,,adamw,0.05,0,800,224,8,6667,3333,86.14,0.549,87.76,1.061,195.6818,2.6016,1.8161,53.9329,11.2278,
DGX-CN02,KD_try,3,aircraft,resnet18,,resnet101,cal,False,False,/home/edwinarkelrios.ee08/ckpts/cal_ckpts/aircraft_resnet101_cal.pth,True,False,0.07,1,gap,0.0005,,adamw,0.05,0,800,224,8,6667,3333,84.61,0.581,88.82,0.656,222.6591,2.6465,1.8161,60.3472,11.2278,
nando-MS-7D88,KD_try,3,aircraft,vit_t16,,,,False,False,,True,False,0.07,1,gap,0.0005,,adamw,0.05,0,800,224,8,6667,3333,35.64,2.926,88.6,0.706,193.3979,0.3516,1.2545,5.5437,5.5437,
DGX-CN02,KD_try,3,aircraft,vit_t16,,vit_b16,cal,False,False,/home/edwinarkelrios.ee08/ckpts/cal_ckpts/aircraft_vit_b16_cal.pth,True,False,0.07,1,gap,0.0005,,adamw,0.05,0,800,224,8,6667,3333,44.64,2.393,88.16,0.839,316.6585,0.7344,1.2473,93.8227,5.5433,
DGX-CN02,KD_try,3,aircraft,vit_t16,,vit_b16,cal,True,False,/home/edwinarkelrios.ee08/ckpts/cal_ckpts/aircraft_vit_b16_cal.pth,True,False,0.07,1,gap,0.0005,,adamw,0.05,0,800,224,8,6667,3333,57.55,1.954,88.37,1.703,586.669,1.1836,1.2473,93.8227,5.5433,
nando-MS-7D88,KD_try,3,aircraft,vit_t16,,vit_b16,,False,False,/home/nando/ckpts/ft_ckpts/aircraft_vit_b16.pth,True,False,0.07,1,gap,0.0005,,adamw,0.05,0,800,224,8,6667,3333,50.2,2.485,84.38,1.336,271.3164,0.6836,1.2545,91.4193,5.5437,
nando-MS-7D88,KD_try,3,aircraft,vit_t16,,resnet101,,False,False,/home/nando/ckpts/ft_ckpts/aircraft_resnet101.pth,True,False,0.07,1,gap,0.0005,,adamw,0.05,0,800,224,8,6667,3333,48.69,2.432,83.69,1.737,236.4844,0.5195,1.2545,48.2488,5.5437,
vsplab-DGX-Station-A100,KD_try,3,aircraft,vit_t16,,resnet101,cal,False,False,/Desktop/CodeFolder/results_backbones/cal_ckpts/aircraft_resnet101_cal.pth,True,False,0.07,1,gap,0.0005,,adamw,0.05,0,800,224,8,6667,3333,41.13,2.333,90.29,0.925,676.8347,2.5684,1.2473,54.6627,5.5433,
vsplab-DGX-Station-A100,KD_try,3,aircraft,vit_t16,,resnet101,cal,True,False,/Desktop/CodeFolder/results_backbones/cal_ckpts/aircraft_resnet101_cal.pth,True,False,0.07,1,gap,0.0005,,adamw,0.05,0,800,224,8,6667,3333,47.61,2.067,89.63,1.118,1455.4599,5.127,1.2473,54.6627,5.5433,
DGX-CN01,KD_try,4,aircraft,resnet18,,,,False,False,,True,False,0.07,1,gap,0.0005,,adamw,0.05,0,800,224,8,6667,3333,83.98,0.789,76.53,0.322,145.919,2.4414,1.8161,11.2278,11.2278,
DGX-CN02,KD_try,4,aircraft,resnet18,,resnet101,,False,False,/home/edwinarkelrios.ee08/ckpts/ft_ckpts/aircraft_resnet101.pth,True,False,0.07,1,gap,0.0005,,adamw,0.05,0,800,224,8,6667,3333,85.96,0.55,77.63,1.177,199.5537,2.6016,1.8161,53.9329,11.2278,
DGX-CN02,KD_try,4,aircraft,resnet18,,resnet101,cal,False,False,/home/edwinarkelrios.ee08/ckpts/cal_ckpts/aircraft_resnet101_cal.pth,True,False,0.07,1,gap,0.0005,,adamw,0.05,0,800,224,8,6667,3333,84.04,0.618,77.21,0.683,194.6907,2.6465,1.8161,60.3472,11.2278,
DGX-CN01,KD_try,4,aircraft,resnet18,,resnet101,cal,True,False,/home/edwinarkelrios.ee08/ckpts/cal_ckpts/aircraft_resnet101_cal.pth,True,False,0.07,1,gap,0.0005,,adamw,0.05,0,800,224,8,6667,3333,85.57,0.522,77.51,0.787,324.9412,2.877,1.8161,60.3472,11.2278,
nando-MS-7D88,KD_try,4,aircraft,vit_t16,,,,False,False,,True,False,0.07,1,gap,0.0005,,adamw,0.05,0,800,224,8,6667,3333,43.02,2.632,78.54,0.616,193.3487,0.3516,1.2545,5.5437,5.5437,
DGX-CN02,KD_try,4,aircraft,vit_t16,,vit_b16,cal,False,False,/home/edwinarkelrios.ee08/ckpts/cal_ckpts/aircraft_vit_b16_cal.pth,True,False,0.07,1,gap,0.0005,,adamw,0.05,0,800,224,8,6667,3333,48.63,2.444,77.0,0.936,318.6184,0.7832,1.2473,93.8227,5.5433,
DGX-CN02,KD_try,4,aircraft,vit_t16,,vit_b16,cal,True,False,/home/edwinarkelrios.ee08/ckpts/cal_ckpts/aircraft_vit_b16_cal.pth,True,False,0.07,1,gap,0.0005,,adamw,0.05,0,800,224,8,6667,3333,62.56,1.867,76.56,1.804,586.3685,1.1855,1.2473,93.8227,5.5433,
nando-MS-7D88,KD_try,4,aircraft,vit_t16,,vit_b16,,False,False,/home/nando/ckpts/ft_ckpts/aircraft_vit_b16.pth,True,False,0.07,1,gap,0.0005,,adamw,0.05,0,800,224,8,6667,3333,48.48,2.966,76.86,1.309,270.7025,0.6836,1.2545,91.4193,5.5437,
nando-MS-7D88,KD_try,4,aircraft,vit_t16,,resnet101,,False,False,/home/nando/ckpts/ft_ckpts/aircraft_resnet101.pth,True,False,0.07,1,gap,0.0005,,adamw,0.05,0,800,224,8,6667,3333,49.68,2.722,76.67,1.568,236.3509,0.5195,1.2545,48.2488,5.5437,
DGX-CN02,KD_try,4,aircraft,vit_t16,,resnet101,cal,False,False,/home/edwinarkelrios.ee08/ckpts/cal_ckpts/aircraft_resnet101_cal.pth,True,False,0.07,1,gap,0.0005,,adamw,0.05,0,800,224,8,6667,3333,48.36,2.215,74.2,1.037,346.5928,0.6367,1.2473,54.6627,5.5433,
DGX-CN02,KD_try,4,aircraft,vit_t16,,resnet101,cal,True,False,/home/edwinarkelrios.ee08/ckpts/cal_ckpts/aircraft_resnet101_cal.pth,True,False,0.07,1,gap,0.0005,,adamw,0.05,0,800,224,8,6667,3333,55.87,1.804,78.42,1.178,597.9572,1.0586,1.2473,54.6627,5.5433,
DGX-CN01,KD_try,5,aircraft,resnet18,,,,False,False,,True,False,0.07,1,gap,0.0005,,adamw,0.05,0,800,224,8,6667,3333,85.51,0.689,82.01,0.333,138.9863,2.4414,1.8161,11.2278,11.2278,
DGX-CN01,KD_try,5,aircraft,resnet18,,resnet101,cal,True,False,/home/edwinarkelrios.ee08/ckpts/cal_ckpts/aircraft_resnet101_cal.pth,True,False,0.07,1,gap,0.0005,,adamw,0.05,0,800,224,8,6667,3333,86.59,0.498,82.8,0.836,385.8129,2.8828,1.8161,60.3472,11.2278,
DGX-CN01,KD_try,5,aircraft,resnet18,,resnet101,,False,False,/home/edwinarkelrios.ee08/ckpts/ft_ckpts/aircraft_resnet101.pth,True,False,0.07,1,gap,0.0005,,adamw,0.05,0,800,224,8,6667,3333,86.08,0.553,82.28,1.223,208.7533,2.5977,1.8161,53.9329,11.2278,
DGX-CN02,KD_try,5,aircraft,resnet18,,resnet101,cal,False,False,/home/edwinarkelrios.ee08/ckpts/cal_ckpts/aircraft_resnet101_cal.pth,True,False,0.07,1,gap,0.0005,,adamw,0.05,0,800,224,8,6667,3333,85.39,0.573,82.11,0.732,205.5409,2.6465,1.8161,60.3472,11.2278,
nando-MS-7D88,KD_try,5,aircraft,vit_t16,,,,False,False,,True,False,0.07,1,gap,0.0005,,adamw,0.05,0,800,224,8,6667,3333,44.22,2.43,81.26,0.729,193.3761,0.3516,1.2545,5.5437,5.5437,
DGX-CN02,KD_try,5,aircraft,vit_t16,,vit_b16,,False,False,/home/edwinarkelrios.ee08/ckpts/ft_ckpts/aircraft_vit_b16.pth,True,False,0.07,1,gap,0.0005,,adamw,0.05,0,800,224,8,6667,3333,49.41,2.522,78.62,1.349,288.9095,0.7344,1.2545,91.4193,5.5437,
DGX-CN02,KD_try,5,aircraft,vit_t16,,vit_b16,cal,False,False,/home/edwinarkelrios.ee08/ckpts/cal_ckpts/aircraft_vit_b16_cal.pth,True,False,0.07,1,gap,0.0005,,adamw,0.05,0,800,224,8,6667,3333,51.58,2.055,80.73,1.038,311.2469,0.7812,1.2473,93.8227,5.5433,
DGX-CN02,KD_try,5,aircraft,vit_t16,,vit_b16,cal,True,False,/home/edwinarkelrios.ee08/ckpts/cal_ckpts/aircraft_vit_b16_cal.pth,True,False,0.07,1,gap,0.0005,,adamw,0.05,0,800,224,8,6667,3333,62.44,1.62,81.57,1.922,564.1442,1.1836,1.2473,93.8227,5.5433,
nando-MS-7D88,KD_try,5,aircraft,vit_t16,,resnet101,,False,False,/home/nando/ckpts/ft_ckpts/aircraft_resnet101.pth,True,False,0.07,1,gap,0.0005,,adamw,0.05,0,800,224,8,6667,3333,51.07,2.287,78.36,1.732,236.8695,0.5195,1.2545,48.2488,5.5437,
DGX-CN02,KD_try,5,aircraft,vit_t16,,resnet101,cal,False,False,/home/edwinarkelrios.ee08/ckpts/cal_ckpts/aircraft_resnet101_cal.pth,True,False,0.07,1,gap,0.0005,,adamw,0.05,0,800,224,8,6667,3333,46.74,2.143,83.45,1.107,335.9969,0.6172,1.2473,54.6627,5.5433,
DGX-CN02,KD_try,5,aircraft,vit_t16,,resnet101,cal,True,False,/home/edwinarkelrios.ee08/ckpts/cal_ckpts/aircraft_resnet101_cal.pth,True,False,0.07,1,gap,0.0005,,adamw,0.05,0,800,224,8,6667,3333,56.2,1.686,81.78,1.344,584.3266,1.0586,1.2473,54.6627,5.5433,
server-3090,KD_try,0,cars,resnet18,,,,False,False,,True,False,0.07,1,gap,0.0005,,adamw,0.05,0,800,224,8,8144,8041,83.92,1.272,99.83,0.002,301.0405,1.9199,1.8161,11.2771,11.2771,
server-3090,KD_try,0,cars,resnet18,,resnet101,,False,False,/hdd/edwin/results_backbones/ft_ckpts/cars_resnet101.pth,True,False,0.07,1,gap,0.0005,,adamw,0.05,0,800,224,8,8144,8041,88.22,0.484,99.75,0.252,501.7663,4.7754,1.8161,54.1788,11.2771,
server-3090,KD_try,0,cars,resnet18,,resnet101,cal,False,False,/hdd/edwin/results_backbones/cal_ckpts/cars_resnet101_cal.pth,True,False,0.07,1,gap,0.0005,,adamw,0.05,0,800,224,8,8144,8041,86.38,0.537,99.88,0.112,528.2875,4.875,1.8161,66.6879,11.2771,
server-3090,KD_try,0,cars,resnet18,,resnet101,cal,True,False,/hdd/edwin/results_backbones/cal_ckpts/cars_resnet101_cal.pth,True,False,0.07,1,gap,0.0005,,adamw,0.05,0,800,224,8,8144,8041,89.67,0.408,99.8,0.261,896.6094,4.9355,1.8161,66.6879,11.2771,
vsplab-DGX-Station-A100,KD_try,0,cars,vit_t16,,,,False,False,,True,False,0.07,1,gap,0.0005,,adamw,0.05,0,800,224,8,8144,8041,15.45,8.579,99.82,0.003,601.2989,0.3457,1.2545,5.5622,5.5622,
vsplab-DGX-Station-A100,KD_try,0,cars,vit_t16,,vit_b16,,False,False,/Desktop/CodeFolder/results_backbones/ft_ckpts/cars_vit_b16.pth,True,False,0.07,1,gap,0.0005,,adamw,0.05,0,800,224,8,8144,8041,21.99,6.212,99.83,0.184,905.6575,5.7109,1.2545,91.5116,5.5622,
vsplab-DGX-Station-A100,KD_try,0,cars,vit_t16,,vit_b16,cal,False,False,/Desktop/CodeFolder/results_backbones/cal_ckpts/cars_vit_b16_cal.pth,True,False,0.07,1,gap,0.0005,,adamw,0.05,0,800,224,8,8144,8041,18.99,5.526,99.83,0.067,923.6864,5.7461,1.2474,96.2005,5.5619,
vsplab-DGX-Station-A100,KD_try,0,cars,vit_t16,,vit_b16,cal,True,False,/Desktop/CodeFolder/results_backbones/cal_ckpts/cars_vit_b16_cal.pth,True,False,0.07,1,gap,0.0005,,adamw,0.05,0,800,224,8,8144,8041,28.79,5.772,99.78,1.01,1628.3286,6.209,1.2474,96.2005,5.5619,
vsplab-DGX-Station-A100,KD_try,0,cars,vit_t16,,resnet101,,False,False,/Desktop/CodeFolder/results_backbones/ft_ckpts/cars_resnet101.pth,True,False,0.07,1,gap,0.0005,,adamw,0.05,0,800,224,8,8144,8041,22.11,5.901,99.79,0.565,957.0213,5.5527,1.2545,48.464,5.5622,
vsplab-DGX-Station-A100,KD_try,0,cars,vit_t16,,resnet101,cal,False,False,/Desktop/CodeFolder/results_backbones/cal_ckpts/cars_resnet101_cal.pth,True,False,0.07,1,gap,0.0005,,adamw,0.05,0,800,224,8,8144,8041,23.45,4.346,99.8,0.181,982.8045,5.6387,1.2474,60.9727,5.5619,
vsplab-DGX-Station-A100,KD_try,0,cars,vit_t16,,resnet101,cal,True,False,/Desktop/CodeFolder/results_backbones/cal_ckpts/cars_resnet101_cal.pth,True,False,0.07,1,gap,0.0005,,adamw,0.05,0,800,224,8,8144,8041,42.51,2.73,99.77,0.456,1732.2794,6.0898,1.2474,60.9727,5.5619,
nando-MS-7D88,KD_try,1,cars,resnet18,,,,False,False,,True,False,0.07,1,gap,0.0005,,adamw,0.05,0,800,224,8,8144,8041,86.38,0.925,99.51,0.014,127.7721,1.2949,1.8161,11.2771,11.2771,
nando-MS-7D88,KD_try,1,cars,resnet18,,resnet101,,False,False,/home/nando/ckpts/ft_ckpts/cars_resnet101.pth,True,False,0.07,1,gap,0.0005,,adamw,0.05,0,800,224,8,8144,8041,89.89,0.418,98.91,0.362,214.8966,5.5312,1.8161,54.1788,11.2771,
nando-MS-7D88,KD_try,1,cars,resnet18,,resnet101,cal,False,False,/home/nando/ckpts/cal_ckpts/cars_resnet101_cal.pth,True,False,0.07,1,gap,0.0005,,adamw,0.05,0,800,224,8,8144,8041,89.13,0.432,99.46,0.212,231.3954,5.6309,1.8161,66.6879,11.2771,
nando-MS-7D88,KD_try,1,cars,resnet18,,resnet101,cal,True,False,/home/nando/ckpts/cal_ckpts/cars_resnet101_cal.pth,True,False,0.07,1,gap,0.0005,,adamw,0.05,0,800,224,8,8144,8041,90.44,0.379,99.51,0.335,449.4321,5.8574,1.8161,66.6879,11.2771,
vsplab-DGX-Station-A100,KD_try,1,cars,vit_t16,,,,False,False,,True,False,0.07,1,gap,0.0005,,adamw,0.05,0,800,224,8,8144,8041,15.02,8.182,99.73,0.006,600.0482,0.3457,1.2545,5.5622,5.5622,
vsplab-DGX-Station-A100,KD_try,1,cars,vit_t16,,vit_b16,,False,False,/Desktop/CodeFolder/results_backbones/ft_ckpts/cars_vit_b16.pth,True,False,0.07,1,gap,0.0005,,adamw,0.05,0,800,224,8,8144,8041,21.78,5.802,99.51,0.303,909.6019,5.7109,1.2545,91.5116,5.5622,
vsplab-DGX-Station-A100,KD_try,1,cars,vit_t16,,vit_b16,cal,False,False,/Desktop/CodeFolder/results_backbones/cal_ckpts/cars_vit_b16_cal.pth,True,False,0.07,1,gap,0.0005,,adamw,0.05,0,800,224,8,8144,8041,21.12,5.397,99.73,0.326,929.8168,5.7441,1.2474,96.2005,5.5619,
vsplab-DGX-Station-A100,KD_try,1,cars,vit_t16,,vit_b16,cal,True,False,/Desktop/CodeFolder/results_backbones/cal_ckpts/cars_vit_b16_cal.pth,True,False,0.07,1,gap,0.0005,,adamw,0.05,0,800,224,8,8144,8041,34.35,5.006,99.73,1.42,1632.6792,6.209,1.2474,96.2005,5.5619,
vsplab-DGX-Station-A100,KD_try,1,cars,vit_t16,,resnet101,,False,False,/Desktop/CodeFolder/results_backbones/ft_ckpts/cars_resnet101.pth,True,False,0.07,1,gap,0.0005,,adamw,0.05,0,800,224,8,8144,8041,22.76,5.399,99.53,0.671,932.6919,5.5527,1.2545,48.464,5.5622,
vsplab-DGX-Station-A100,KD_try,1,cars,vit_t16,,resnet101,cal,False,False,/Desktop/CodeFolder/results_backbones/cal_ckpts/cars_resnet101_cal.pth,True,False,0.07,1,gap,0.0005,,adamw,0.05,0,800,224,8,8144,8041,23.33,4.267,99.79,0.319,980.7658,5.6367,1.2474,60.9727,5.5619,
vsplab-DGX-Station-A100,KD_try,1,cars,vit_t16,,resnet101,cal,True,False,/Desktop/CodeFolder/results_backbones/cal_ckpts/cars_resnet101_cal.pth,True,False,0.07,1,gap,0.0005,,adamw,0.05,0,800,224,8,8144,8041,42.18,2.778,99.77,0.534,1731.6893,6.0898,1.2474,60.9727,5.5619,
nando-MS-7D88,KD_try,2,cars,resnet18,,,,False,False,,True,False,0.07,1,gap,0.0005,,adamw,0.05,0,800,224,8,8144,8041,88.35,0.796,99.09,0.029,131.2635,1.2949,1.8161,11.2771,11.2771,
nando-MS-7D88,KD_try,2,cars,resnet18,,resnet101,,False,False,/home/nando/ckpts/ft_ckpts/cars_resnet101.pth,True,False,0.07,1,gap,0.0005,,adamw,0.05,0,800,224,8,8144,8041,90.27,0.415,97.56,0.502,217.2684,5.5273,1.8161,54.1788,11.2771,
nando-MS-7D88,KD_try,2,cars,resnet18,,resnet101,cal,False,False,/home/nando/ckpts/cal_ckpts/cars_resnet101_cal.pth,True,False,0.07,1,gap,0.0005,,adamw,0.05,0,800,224,8,8144,8041,89.64,0.434,98.82,0.231,230.8928,5.6289,1.8161,66.6879,11.2771,
nando-MS-7D88,KD_try,2,cars,resnet18,,resnet101,cal,True,False,/home/nando/ckpts/cal_ckpts/cars_resnet101_cal.pth,True,False,0.07,1,gap,0.0005,,adamw,0.05,0,800,224,8,8144,8041,90.86,0.375,98.96,0.392,450.4291,5.8574,1.8161,66.6879,11.2771,
vsplab-DGX-Station-A100,KD_try,2,cars,vit_t16,,,,False,False,,True,False,0.07,1,gap,0.0005,,adamw,0.05,0,800,224,8,8144,8041,23.94,5.975,98.17,0.076,609.3146,0.3457,1.2545,5.5622,5.5622,
vsplab-DGX-Station-A100,KD_try,2,cars,vit_t16,,vit_b16,,False,False,/Desktop/CodeFolder/results_backbones/ft_ckpts/cars_vit_b16.pth,True,False,0.07,1,gap,0.0005,,adamw,0.05,0,800,224,8,8144,8041,38.68,3.616,96.21,0.59,912.6674,5.7109,1.2545,91.5116,5.5622,
vsplab-DGX-Station-A100,KD_try,2,cars,vit_t16,,vit_b16,cal,False,False,/Desktop/CodeFolder/results_backbones/cal_ckpts/cars_vit_b16_cal.pth,True,False,0.07,1,gap,0.0005,,adamw,0.05,0,800,224,8,8144,8041,39.46,3.178,98.99,0.198,929.783,5.7461,1.2474,96.2005,5.5619,
vsplab-DGX-Station-A100,KD_try,2,cars,vit_t16,,vit_b16,cal,True,False,/Desktop/CodeFolder/results_backbones/cal_ckpts/cars_vit_b16_cal.pth,True,False,0.07,1,gap,0.0005,,adamw,0.05,0,800,224,8,8144,8041,53.81,2.653,99.12,1.212,1620.0058,6.209,1.2474,96.2005,5.5619,
vsplab-DGX-Station-A100,KD_try,2,cars,vit_t16,,resnet101,,False,False,/Desktop/CodeFolder/results_backbones/ft_ckpts/cars_resnet101.pth,True,False,0.07,1,gap,0.0005,,adamw,0.05,0,800,224,8,8144,8041,42.91,3.16,96.56,0.975,933.8934,5.5527,1.2545,48.464,5.5622,
vsplab-DGX-Station-A100,KD_try,2,cars,vit_t16,,resnet101,cal,False,False,/Desktop/CodeFolder/results_backbones/cal_ckpts/cars_resnet101_cal.pth,True,False,0.07,1,gap,0.0005,,adamw,0.05,0,800,224,8,8144,8041,37.21,2.96,99.2,0.302,980.2458,5.6367,1.2474,60.9727,5.5619,
vsplab-DGX-Station-A100,KD_try,2,cars,vit_t16,,resnet101,cal,True,False,/Desktop/CodeFolder/results_backbones/cal_ckpts/cars_resnet101_cal.pth,True,False,0.07,1,gap,0.0005,,adamw,0.05,0,800,224,8,8144,8041,53.71,1.976,99.4,0.602,1749.4018,6.0898,1.2474,60.9727,5.5619,
nando-MS-7D88,KD_try,3,cars,resnet18,,,,False,False,,True,False,0.07,1,gap,0.0005,,adamw,0.05,0,800,224,8,8144,8041,88.84,0.586,90.12,0.357,132.1859,1.2949,1.8161,11.2771,11.2771,
nando-MS-7D88,KD_try,3,cars,resnet18,,resnet101,,False,False,/home/nando/ckpts/ft_ckpts/cars_resnet101.pth,True,False,0.07,1,gap,0.0005,,adamw,0.05,0,800,224,8,8144,8041,90.37,0.378,87.48,1.218,218.5422,5.5312,1.8161,54.1788,11.2771,
nando-MS-7D88,KD_try,3,cars,resnet18,,resnet101,cal,False,False,/home/nando/ckpts/cal_ckpts/cars_resnet101_cal.pth,True,False,0.07,1,gap,0.0005,,adamw,0.05,0,800,224,8,8144,8041,90.18,0.433,86.96,0.663,230.341,5.6289,1.8161,66.6879,11.2771,
nando-MS-7D88,KD_try,3,cars,resnet18,,resnet101,cal,True,False,/home/nando/ckpts/cal_ckpts/cars_resnet101_cal.pth,True,False,0.07,1,gap,0.0005,,adamw,0.05,0,800,224,8,8144,8041,90.88,0.347,87.6,0.782,442.3761,5.8574,1.8161,66.6879,11.2771,
vsplab-DGX-Station-A100,KD_try,3,cars,vit_t16,,,,False,False,,True,False,0.07,1,gap,0.0005,,adamw,0.05,0,800,224,8,8144,8041,27.06,3.614,87.99,0.852,605.2838,0.3457,1.2545,5.5622,5.5622,
vsplab-DGX-Station-A100,KD_try,3,cars,vit_t16,,vit_b16,,False,False,/Desktop/CodeFolder/results_backbones/ft_ckpts/cars_vit_b16.pth,True,False,0.07,1,gap,0.0005,,adamw,0.05,0,800,224,8,8144,8041,40.03,2.909,83.29,1.69,927.4301,5.7109,1.2545,91.5116,5.5622,
vsplab-DGX-Station-A100,KD_try,3,cars,vit_t16,,vit_b16,cal,False,False,/Desktop/CodeFolder/results_backbones/cal_ckpts/cars_vit_b16_cal.pth,True,False,0.07,1,gap,0.0005,,adamw,0.05,0,800,224,8,8144,8041,37.47,2.868,89.7,0.877,925.9685,5.7461,1.2474,96.2005,5.5619,
vsplab-DGX-Station-A100,KD_try,3,cars,vit_t16,,vit_b16,cal,True,False,/Desktop/CodeFolder/results_backbones/cal_ckpts/cars_vit_b16_cal.pth,True,False,0.07,1,gap,0.0005,,adamw,0.05,0,800,224,8,8144,8041,57.0,2.067,88.62,2.126,1637.4029,6.209,1.2474,96.2005,5.5619,
vsplab-DGX-Station-A100,KD_try,3,cars,vit_t16,,resnet101,,False,False,/Desktop/CodeFolder/results_backbones/ft_ckpts/cars_resnet101.pth,True,False,0.07,1,gap,0.0005,,adamw,0.05,0,800,224,8,8144,8041,40.84,2.874,83.61,2.071,942.7862,5.5527,1.2545,48.464,5.5622,
vsplab-DGX-Station-A100,KD_try,3,cars,vit_t16,,resnet101,cal,False,False,/Desktop/CodeFolder/results_backbones/cal_ckpts/cars_resnet101_cal.pth,True,False,0.07,1,gap,0.0005,,adamw,0.05,0,800,224,8,8144,8041,35.51,2.84,89.46,1.037,997.5153,5.6367,1.2474,60.9727,5.5619,
vsplab-DGX-Station-A100,KD_try,3,cars,vit_t16,,resnet101,cal,True,False,/Desktop/CodeFolder/results_backbones/cal_ckpts/cars_resnet101_cal.pth,True,False,0.07,1,gap,0.0005,,adamw,0.05,0,800,224,8,8144,8041,57.06,1.732,88.75,1.247,1767.9445,6.0879,1.2474,60.9727,5.5619,
nando-MS-7D88,KD_try,4,cars,resnet18,,,,False,False,,True,False,0.07,1,gap,0.0005,,adamw,0.05,0,800,224,8,8144,8041,87.8,0.654,77.55,0.423,127.9462,1.293,1.8161,11.2771,11.2771,
nando-MS-7D88,KD_try,4,cars,resnet18,,resnet101,,False,False,/home/nando/ckpts/ft_ckpts/cars_resnet101.pth,True,False,0.07,1,gap,0.0005,,adamw,0.05,0,800,224,8,8144,8041,89.74,0.391,78.81,1.362,214.7419,5.5352,1.8161,54.1788,11.2771,
nando-MS-7D88,KD_try,4,cars,resnet18,,resnet101,cal,False,False,/home/nando/ckpts/cal_ckpts/cars_resnet101_cal.pth,True,False,0.07,1,gap,0.0005,,adamw,0.05,0,800,224,8,8144,8041,89.28,0.524,78.12,0.671,227.8087,5.6309,1.8161,66.6879,11.2771,
nando-MS-7D88,KD_try,4,cars,resnet18,,resnet101,cal,True,False,/home/nando/ckpts/cal_ckpts/cars_resnet101_cal.pth,True,False,0.07,1,gap,0.0005,,adamw,0.05,0,800,224,8,8144,8041,90.14,0.374,76.26,0.836,441.4896,5.8574,1.8161,66.6879,11.2771,
nando-MS-7D88,KD_try,4,cars,vit_t16,,,,False,False,,True,False,0.07,1,gap,0.0005,,adamw,0.05,0,800,224,8,8144,8041,29.24,3.72,76.55,0.832,201.2837,0.3516,1.2545,5.5622,5.5622,
nando-MS-7D88,KD_try,4,cars,vit_t16,,vit_b16,,False,False,/home/nando/ckpts/ft_ckpts/cars_vit_b16.pth,True,False,0.07,1,gap,0.0005,,adamw,0.05,0,800,224,8,8144,8041,36.61,3.801,74.69,1.468,363.7576,5.7109,1.2545,91.5116,5.5622,
nando-MS-7D88,KD_try,4,cars,vit_t16,,vit_b16,cal,False,False,/home/nando/ckpts/cal_ckpts/cars_vit_b16_cal.pth,True,False,0.07,1,gap,0.0005,,adamw,0.05,0,800,224,8,8144,8041,36.3,3.274,77.2,1.021,391.684,5.75,1.2474,96.2005,5.5619,
nando-MS-7D88,KD_try,4,cars,vit_t16,,vit_b16,cal,True,False,/home/nando/ckpts/cal_ckpts/cars_vit_b16_cal.pth,True,False,0.07,1,gap,0.0005,,adamw,0.05,0,800,224,8,8144,8041,50.81,2.901,76.4,2.312,752.0925,6.209,1.2474,96.2005,5.5619,
nando-MS-7D88,KD_try,4,cars,vit_t16,,resnet101,,False,False,/home/nando/ckpts/ft_ckpts/cars_resnet101.pth,True,False,0.07,1,gap,0.0005,,adamw,0.05,0,800,224,8,8144,8041,37.78,3.546,74.8,1.922,326.8356,5.5547,1.2545,48.464,5.5622,
nando-MS-7D88,KD_try,4,cars,vit_t16,,resnet101,cal,False,False,/home/nando/ckpts/cal_ckpts/cars_resnet101_cal.pth,True,False,0.07,1,gap,0.0005,,adamw,0.05,0,800,224,8,8144,8041,35.59,3.084,76.02,1.132,337.7432,5.6367,1.2474,60.9727,5.5619,
nando-MS-7D88,KD_try,4,cars,vit_t16,,resnet101,cal,True,False,/home/nando/ckpts/cal_ckpts/cars_resnet101_cal.pth,True,False,0.07,1,gap,0.0005,,adamw,0.05,0,800,224,8,8144,8041,54.6,1.966,75.82,1.334,610.8181,6.1016,1.2474,60.9727,5.5619,
nando-MS-7D88,KD_try,5,cars,resnet18,,,,False,False,,True,False,0.07,1,gap,0.0005,,adamw,0.05,0,800,224,8,8144,8041,90.35,0.525,84.32,0.429,126.724,1.2949,1.8161,11.2771,11.2771,
nando-MS-7D88,KD_try,5,cars,resnet18,,resnet101,,False,False,/home/nando/ckpts/ft_ckpts/cars_resnet101.pth,True,False,0.07,1,gap,0.0005,,adamw,0.05,0,800,224,8,8144,8041,90.55,0.37,81.51,1.456,217.2105,5.5312,1.8161,54.1788,11.2771,
nando-MS-7D88,KD_try,5,cars,resnet18,,resnet101,cal,False,False,/home/nando/ckpts/cal_ckpts/cars_resnet101_cal.pth,True,False,0.07,1,gap,0.0005,,adamw,0.05,0,800,224,8,8144,8041,89.98,0.442,81.13,0.78,232.1879,5.625,1.8161,66.6879,11.2771,
nando-MS-7D88,KD_try,5,cars,resnet18,,resnet101,cal,True,False,/home/nando/ckpts/cal_ckpts/cars_resnet101_cal.pth,True,False,0.07,1,gap,0.0005,,adamw,0.05,0,800,224,8,8144,8041,90.98,0.352,84.1,0.834,442.5436,5.8574,1.8161,66.6879,11.2771,
vsplab-DGX-Station-A100,KD_try,5,cars,vit_t16,,resnet101,cal,True,False,/Desktop/CodeFolder/results_backbones/cal_ckpts/cars_resnet101_cal.pth,True,False,0.07,1,gap,0.0005,,adamw,0.05,0,800,224,8,8144,8041,55.6,1.825,81.91,1.459,1785.9312,6.0879,1.2474,60.9727,5.5619,
vsplab-DGX-Station-A100,KD_try,5,cars,vit_t16,,resnet101,cal,False,False,/Desktop/CodeFolder/results_backbones/cal_ckpts/cars_resnet101_cal.pth,True,False,0.07,1,gap,0.0005,,adamw,0.05,0,800,224,8,8144,8041,39.77,2.626,81.64,1.2,1011.2679,5.6387,1.2474,60.9727,5.5619,
vsplab-DGX-Station-A100,KD_try,5,cars,vit_t16,,vit_b16,cal,True,False,/Desktop/CodeFolder/results_backbones/cal_ckpts/cars_vit_b16_cal.pth,True,False,0.07,1,gap,0.0005,,adamw,0.05,0,800,224,8,8144,8041,54.63,2.147,80.27,2.435,1684.658,6.209,1.2474,96.2005,5.5619,
vsplab-DGX-Station-A100,KD_try,5,cars,vit_t16,,,,False,False,,True,False,0.07,1,gap,0.0005,,adamw,0.05,0,800,224,8,8144,8041,30.77,3.421,80.91,0.857,594.744,0.3457,1.2545,5.5622,5.5622,
vsplab-DGX-Station-A100,KD_try,5,cars,vit_t16,,vit_b16,,False,False,/Desktop/CodeFolder/results_backbones/ft_ckpts/cars_vit_b16.pth,True,False,0.07,1,gap,0.0005,,adamw,0.05,0,800,224,8,8144,8041,39.1,3.014,79.94,1.665,913.7217,5.7109,1.2545,91.5116,5.5622,
vsplab-DGX-Station-A100,KD_try,5,cars,vit_t16,,vit_b16,cal,False,False,/Desktop/CodeFolder/results_backbones/cal_ckpts/cars_vit_b16_cal.pth,True,False,0.07,1,gap,0.0005,,adamw,0.05,0,800,224,8,8144,8041,39.52,2.785,83.78,1.083,958.3969,5.75,1.2474,96.2005,5.5619,
vsplab-DGX-Station-A100,KD_try,5,cars,vit_t16,,resnet101,,False,False,/Desktop/CodeFolder/results_backbones/ft_ckpts/cars_resnet101.pth,True,False,0.07,1,gap,0.0005,,adamw,0.05,0,800,224,8,8144,8041,38.48,2.972,80.64,1.994,958.761,5.5527,1.2545,48.464,5.5622,
server-3090,KD_try,0,cub,resnet18,,,,False,False,,True,False,0.07,1,gap,0.0005,,adamw,0.05,0,800,224,8,5994,5794,61.48,2.861,100.0,0.0,209.8017,1.9199,1.8161,11.2791,11.2791,
server-3090,KD_try,0,cub,resnet18,,resnet101,,False,False,/hdd/edwin/results_backbones/ft_ckpts/cub_resnet101.pth,True,False,0.07,1,gap,0.0005,,adamw,0.05,0,800,224,8,5994,5794,72.59,1.058,100.0,0.11,348.1171,4.7754,1.8161,54.1891,11.2791,
server-3090,KD_try,0,cub,resnet18,,resnet101,cal,False,False,/hdd/edwin/results_backbones/cal_ckpts/cub_resnet101_cal.pth,True,False,0.07,1,gap,0.0005,,adamw,0.05,0,800,224,8,5994,5794,76.2,0.931,100.0,0.112,366.9628,4.875,1.8161,66.9521,11.2791,
server-3090,KD_try,0,cub,resnet18,,resnet101,cal,True,False,/hdd/edwin/results_backbones/cal_ckpts/cub_resnet101_cal.pth,True,False,0.07,1,gap,0.0005,,adamw,0.05,0,800,224,8,5994,5794,82.08,0.704,100.0,0.237,650.7431,4.9355,1.8161,66.9521,11.2791,
nando-MS-7D88,KD_try,0,cub,vit_t16,,,,False,False,,True,False,0.07,1,gap,0.0005,,adamw,0.05,0,800,224,8,5994,5794,18.07,8.945,100.0,0.0,137.0949,0.3516,1.2545,5.563,5.563,
DGX-CN02,KD_try,0,cub,vit_t16,,vit_b16,cal,False,False,/home/edwinarkelrios.ee08/ckpts/cal_ckpts/cub_vit_b16_cal.pth,True,False,0.07,1,gap,0.0005,,adamw,0.05,0,800,224,8,5994,5794,21.25,5.295,100.0,0.028,287.7587,0.7578,1.2474,96.2996,5.5626,
DGX-CN02,KD_try,0,cub,vit_t16,,vit_b16,cal,True,False,/home/edwinarkelrios.ee08/ckpts/cal_ckpts/cub_vit_b16_cal.pth,True,False,0.07,1,gap,0.0005,,adamw,0.05,0,800,224,8,5994,5794,23.01,4.921,100.0,0.054,534.1213,1.2031,1.2474,96.2996,5.5626,
nando-MS-7D88,KD_try,0,cub,vit_t16,,vit_b16,,False,False,/home/nando/ckpts/ft_ckpts/cub_vit_b16.pth,True,False,0.07,1,gap,0.0005,,adamw,0.05,0,800,224,8,5994,5794,20.75,5.761,100.0,0.049,220.6377,0.6836,1.2545,91.5155,5.563,
nando-MS-7D88,KD_try,0,cub,vit_t16,,resnet101,,False,False,/home/nando/ckpts/ft_ckpts/cub_resnet101.pth,True,False,0.07,1,gap,0.0005,,adamw,0.05,0,800,224,8,5994,5794,22.59,4.487,100.0,0.219,185.346,0.5176,1.2545,48.473,5.563,
DGX-CN01,KD_try,0,cub,vit_t16,,resnet101,cal,False,False,/home/edwinarkelrios.ee08/ckpts/cal_ckpts/cub_resnet101_cal.pth,True,False,0.07,1,gap,0.0005,,adamw,0.05,0,800,224,8,5994,5794,25.56,4.253,100.0,0.181,283.2037,0.6621,1.2474,61.2356,5.5626,
DGX-CN01,KD_try,0,cub,vit_t16,,resnet101,cal,True,False,/home/edwinarkelrios.ee08/ckpts/cal_ckpts/cub_resnet101_cal.pth,True,False,0.07,1,gap,0.0005,,adamw,0.05,0,800,224,8,5994,5794,41.59,2.782,100.0,0.378,507.1429,1.0938,1.2474,61.2356,5.5626,
DGX-CN01,KD_try,1,cub,resnet18,,,,False,False,,True,False,0.07,1,gap,0.0005,,adamw,0.05,0,800,224,8,5994,5794,56.56,2.756,99.58,0.014,94.4703,2.4434,1.8161,11.2791,11.2791,
DGX-CN01,KD_try,1,cub,resnet18,,resnet101,,False,False,/home/edwinarkelrios.ee08/ckpts/ft_ckpts/cub_resnet101.pth,True,False,0.07,1,gap,0.0005,,adamw,0.05,0,800,224,8,5994,5794,73.78,0.976,99.22,0.183,144.9697,2.5996,1.8161,54.1891,11.2791,
DGX-CN02,KD_try,1,cub,resnet18,,resnet101,cal,False,False,/home/edwinarkelrios.ee08/ckpts/cal_ckpts/cub_resnet101_cal.pth,True,False,0.07,1,gap,0.0005,,adamw,0.05,0,800,224,8,5994,5794,76.61,0.869,99.35,0.177,163.4458,2.6914,1.8161,66.9521,11.2791,
DGX-CN01,KD_try,1,cub,resnet18,,resnet101,cal,True,False,/home/edwinarkelrios.ee08/ckpts/cal_ckpts/cub_resnet101_cal.pth,True,False,0.07,1,gap,0.0005,,adamw,0.05,0,800,224,8,5994,5794,81.6,0.705,99.33,0.307,304.6336,2.9336,1.8161,66.9521,11.2791,
nando-MS-7D88,KD_try,1,cub,vit_t16,,,,False,False,,True,False,0.07,1,gap,0.0005,,adamw,0.05,0,800,224,8,5994,5794,13.95,8.083,99.97,0.001,136.9024,0.3516,1.2545,5.563,5.563,
DGX-CN02,KD_try,1,cub,vit_t16,,vit_b16,cal,False,False,/home/edwinarkelrios.ee08/ckpts/cal_ckpts/cub_vit_b16_cal.pth,True,False,0.07,1,gap,0.0005,,adamw,0.05,0,800,224,8,5994,5794,20.47,4.933,99.93,0.042,286.9474,0.8047,1.2474,96.2996,5.5626,
DGX-CN02,KD_try,1,cub,vit_t16,,vit_b16,cal,True,False,/home/edwinarkelrios.ee08/ckpts/cal_ckpts/cub_vit_b16_cal.pth,True,False,0.07,1,gap,0.0005,,adamw,0.05,0,800,224,8,5994,5794,22.56,4.68,99.97,0.068,534.2157,1.2031,1.2474,96.2996,5.5626,
nando-MS-7D88,KD_try,1,cub,vit_t16,,vit_b16,,False,False,/home/nando/ckpts/ft_ckpts/cub_vit_b16.pth,True,False,0.07,1,gap,0.0005,,adamw,0.05,0,800,224,8,5994,5794,20.3,5.27,99.87,0.084,221.3167,0.6836,1.2545,91.5155,5.563,
nando-MS-7D88,KD_try,1,cub,vit_t16,,resnet101,,False,False,/home/nando/ckpts/ft_ckpts/cub_resnet101.pth,True,False,0.07,1,gap,0.0005,,adamw,0.05,0,800,224,8,5994,5794,23.21,4.093,99.95,0.248,185.6651,0.5176,1.2545,48.473,5.563,
DGX-CN02,KD_try,1,cub,vit_t16,,resnet101,cal,False,False,/home/edwinarkelrios.ee08/ckpts/cal_ckpts/cub_resnet101_cal.pth,True,False,0.07,1,gap,0.0005,,adamw,0.05,0,800,224,8,5994,5794,26.18,3.868,100.0,0.213,270.8709,0.6543,1.2474,61.2356,5.5626,
DGX-CN02,KD_try,1,cub,vit_t16,,resnet101,cal,True,False,/home/edwinarkelrios.ee08/ckpts/cal_ckpts/cub_resnet101_cal.pth,True,False,0.07,1,gap,0.0005,,adamw,0.05,0,800,224,8,5994,5794,37.06,2.943,100.0,0.419,493.9153,1.0938,1.2474,61.2356,5.5626,
DGX-CN01,KD_try,2,cub,resnet18,,,,False,False,,True,False,0.07,1,gap,0.0005,,adamw,0.05,0,800,224,8,5994,5794,68.99,1.905,98.58,0.058,97.2334,2.4434,1.8161,11.2791,11.2791,
DGX-CN02,KD_try,2,cub,resnet18,,resnet101,,False,False,/home/edwinarkelrios.ee08/ckpts/ft_ckpts/cub_resnet101.pth,True,False,0.07,1,gap,0.0005,,adamw,0.05,0,800,224,8,5994,5794,76.68,0.881,97.8,0.277,165.3442,2.5996,1.8161,54.1891,11.2791,
DGX-CN01,KD_try,2,cub,resnet18,,resnet101,cal,False,False,/home/edwinarkelrios.ee08/ckpts/cal_ckpts/cub_resnet101_cal.pth,True,False,0.07,1,gap,0.0005,,adamw,0.05,0,800,224,8,5994,5794,78.75,0.805,98.25,0.271,161.952,2.6914,1.8161,66.9521,11.2791,
DGX-CN01,KD_try,2,cub,resnet18,,resnet101,cal,True,False,/home/edwinarkelrios.ee08/ckpts/cal_ckpts/cub_resnet101_cal.pth,True,False,0.07,1,gap,0.0005,,adamw,0.05,0,800,224,8,5994,5794,82.67,0.68,98.61,0.397,277.5638,2.9336,1.8161,66.9521,11.2791,
nando-MS-7D88,KD_try,2,cub,vit_t16,,,,False,False,,True,False,0.07,1,gap,0.0005,,adamw,0.05,0,800,224,8,5994,5794,27.87,5.21,98.11,0.086,137.6577,0.3516,1.2545,5.563,5.563,
DGX-CN01,KD_try,2,cub,vit_t16,,vit_b16,cal,False,False,/home/edwinarkelrios.ee08/ckpts/cal_ckpts/cub_vit_b16_cal.pth,True,False,0.07,1,gap,0.0005,,adamw,0.05,0,800,224,8,5994,5794,33.05,3.886,99.13,0.112,269.8426,0.8027,1.2474,96.2996,5.5626,
DGX-CN01,KD_try,2,cub,vit_t16,,vit_b16,cal,True,False,/home/edwinarkelrios.ee08/ckpts/cal_ckpts/cub_vit_b16_cal.pth,True,False,0.07,1,gap,0.0005,,adamw,0.05,0,800,224,8,5994,5794,36.11,3.587,99.05,0.147,512.5942,1.1992,1.2474,96.2996,5.5626,
nando-MS-7D88,KD_try,2,cub,vit_t16,,vit_b16,,False,False,/home/nando/ckpts/ft_ckpts/cub_vit_b16.pth,True,False,0.07,1,gap,0.0005,,adamw,0.05,0,800,224,8,5994,5794,32.08,3.924,96.91,0.261,222.959,0.6836,1.2545,91.5155,5.563,
vsplab-DGX-Station-A100,KD_try,2,cub,vit_t16,,resnet101,cal,False,False,/Desktop/CodeFolder/results_backbones/cal_ckpts/cub_resnet101_cal.pth,True,False,0.07,1,gap,0.0005,,adamw,0.05,0,800,224,8,5994,5794,40.65,2.703,98.95,0.318,618.6634,2.6152,1.2474,61.2356,5.5626,
nando-MS-7D88,KD_try,2,cub,vit_t16,,resnet101,,False,False,/home/nando/ckpts/ft_ckpts/cub_resnet101.pth,True,False,0.07,1,gap,0.0005,,adamw,0.05,0,800,224,8,5994,5794,37.31,2.896,96.93,0.45,187.0742,0.5176,1.2545,48.473,5.563,
vsplab-DGX-Station-A100,KD_try,2,cub,vit_t16,,resnet101,cal,True,False,/Desktop/CodeFolder/results_backbones/cal_ckpts/cub_resnet101_cal.pth,True,False,0.07,1,gap,0.0005,,adamw,0.05,0,800,224,8,5994,5794,50.48,2.128,99.28,0.527,1093.333,2.6777,1.2474,61.2356,5.5626,
DGX-CN01,KD_try,3,cub,resnet18,,,,False,False,,True,False,0.07,1,gap,0.0005,,adamw,0.05,0,800,224,8,5994,5794,72.33,1.335,86.72,0.514,102.1271,2.4434,1.8161,11.2791,11.2791,
DGX-CN02,KD_try,3,cub,resnet18,,resnet101,cal,True,False,/home/edwinarkelrios.ee08/ckpts/cal_ckpts/cub_resnet101_cal.pth,True,False,0.07,1,gap,0.0005,,adamw,0.05,0,800,224,8,5994,5794,82.64,0.649,87.15,0.84,295.9055,2.9336,1.8161,66.9521,11.2791,
DGX-CN02,KD_try,3,cub,resnet18,,resnet101,,False,False,/home/edwinarkelrios.ee08/ckpts/ft_ckpts/cub_resnet101.pth,True,False,0.07,1,gap,0.0005,,adamw,0.05,0,800,224,8,5994,5794,76.65,0.924,87.18,0.739,156.5199,2.5996,1.8161,54.1891,11.2791,
DGX-CN01,KD_try,3,cub,resnet18,,resnet101,cal,False,False,/home/edwinarkelrios.ee08/ckpts/cal_ckpts/cub_resnet101_cal.pth,True,False,0.07,1,gap,0.0005,,adamw,0.05,0,800,224,8,5994,5794,78.89,0.783,85.93,0.854,158.2346,2.6914,1.8161,66.9521,11.2791,
nando-MS-7D88,KD_try,3,cub,vit_t16,,,,False,False,,True,False,0.07,1,gap,0.0005,,adamw,0.05,0,800,224,8,5994,5794,19.69,4.037,89.97,0.648,137.979,0.3516,1.2545,5.563,5.563,
DGX-CN02,KD_try,3,cub,vit_t16,,vit_b16,cal,False,False,/home/edwinarkelrios.ee08/ckpts/cal_ckpts/cub_vit_b16_cal.pth,True,False,0.07,1,gap,0.0005,,adamw,0.05,0,800,224,8,5994,5794,18.8,3.949,90.05,0.55,272.0949,0.8027,1.2474,96.2996,5.5626,
DGX-CN02,KD_try,3,cub,vit_t16,,vit_b16,cal,True,False,/home/edwinarkelrios.ee08/ckpts/cal_ckpts/cub_vit_b16_cal.pth,True,False,0.07,1,gap,0.0005,,adamw,0.05,0,800,224,8,5994,5794,21.76,3.851,89.97,0.571,522.5227,1.2031,1.2474,96.2996,5.5626,
nando-MS-7D88,KD_try,3,cub,vit_t16,,vit_b16,,False,False,/home/nando/ckpts/ft_ckpts/cub_vit_b16.pth,True,False,0.07,1,gap,0.0005,,adamw,0.05,0,800,224,8,5994,5794,27.51,3.432,89.34,0.904,221.5118,0.6836,1.2545,91.5155,5.563,
nando-MS-7D88,KD_try,3,cub,vit_t16,,resnet101,,False,False,/home/nando/ckpts/ft_ckpts/cub_resnet101.pth,True,False,0.07,1,gap,0.0005,,adamw,0.05,0,800,224,8,5994,5794,30.43,2.984,88.32,1.141,187.2599,0.5176,1.2545,48.473,5.563,
vsplab-DGX-Station-A100,KD_try,3,cub,vit_t16,,resnet101,cal,False,False,/Desktop/CodeFolder/results_backbones/cal_ckpts/cub_resnet101_cal.pth,True,False,0.07,1,gap,0.0005,,adamw,0.05,0,800,224,8,5994,5794,29.19,3.055,88.87,1.026,715.1478,4.3027,1.2474,61.2356,5.5626,
vsplab-DGX-Station-A100,KD_try,3,cub,vit_t16,,resnet101,cal,True,False,/Desktop/CodeFolder/results_backbones/cal_ckpts/cub_resnet101_cal.pth,True,False,0.07,1,gap,0.0005,,adamw,0.05,0,800,224,8,5994,5794,41.34,2.364,89.8,1.014,1283.3537,4.7539,1.2474,61.2356,5.5626,
DGX-CN01,KD_try,4,cub,resnet18,,,,False,False,,True,False,0.07,1,gap,0.0005,,adamw,0.05,0,800,224,8,5994,5794,70.4,1.381,77.22,0.49,103.3779,2.4434,1.8161,11.2791,11.2791,
DGX-CN01,KD_try,4,cub,resnet18,,resnet101,cal,True,False,/home/edwinarkelrios.ee08/ckpts/cal_ckpts/cub_resnet101_cal.pth,True,False,0.07,1,gap,0.0005,,adamw,0.05,0,800,224,8,5994,5794,82.34,0.656,77.54,0.929,334.582,2.9336,1.8161,66.9521,11.2791,
DGX-CN02,KD_try,4,cub,resnet18,,resnet101,,False,False,/home/edwinarkelrios.ee08/ckpts/ft_ckpts/cub_resnet101.pth,True,False,0.07,1,gap,0.0005,,adamw,0.05,0,800,224,8,5994,5794,75.39,0.938,77.77,0.845,157.2454,2.5957,1.8161,54.1891,11.2791,
DGX-CN02,KD_try,4,cub,resnet18,,resnet101,cal,False,False,/home/edwinarkelrios.ee08/ckpts/cal_ckpts/cub_resnet101_cal.pth,True,False,0.07,1,gap,0.0005,,adamw,0.05,0,800,224,8,5994,5794,78.15,0.815,76.8,0.968,151.1626,2.6875,1.8161,66.9521,11.2791,
nando-MS-7D88,KD_try,4,cub,vit_t16,,,,False,False,,True,False,0.07,1,gap,0.0005,,adamw,0.05,0,800,224,8,5994,5794,30.17,3.369,76.6,0.781,137.9486,0.3516,1.2545,5.563,5.563,
DGX-CN02,KD_try,4,cub,vit_t16,,vit_b16,cal,False,False,/home/edwinarkelrios.ee08/ckpts/cal_ckpts/cub_vit_b16_cal.pth,True,False,0.07,1,gap,0.0005,,adamw,0.05,0,800,224,8,5994,5794,33.83,3.256,75.3,0.952,272.2213,0.8027,1.2474,96.2996,5.5626,
DGX-CN02,KD_try,4,cub,vit_t16,,vit_b16,cal,True,False,/home/edwinarkelrios.ee08/ckpts/cal_ckpts/cub_vit_b16_cal.pth,True,False,0.07,1,gap,0.0005,,adamw,0.05,0,800,224,8,5994,5794,36.02,3.205,76.77,0.919,524.6308,1.2031,1.2474,96.2996,5.5626,
nando-MS-7D88,KD_try,4,cub,vit_t16,,vit_b16,,False,False,/home/nando/ckpts/ft_ckpts/cub_vit_b16.pth,True,False,0.07,1,gap,0.0005,,adamw,0.05,0,800,224,8,5994,5794,31.77,3.487,76.89,0.96,222.3109,0.6836,1.2545,91.5155,5.563,
nando-MS-7D88,KD_try,4,cub,vit_t16,,resnet101,,False,False,/home/nando/ckpts/ft_ckpts/cub_resnet101.pth,True,False,0.07,1,gap,0.0005,,adamw,0.05,0,800,224,8,5994,5794,34.16,2.937,78.34,1.136,186.2843,0.5176,1.2545,48.473,5.563,
DGX-CN02,KD_try,4,cub,vit_t16,,resnet101,cal,False,False,/home/edwinarkelrios.ee08/ckpts/cal_ckpts/cub_resnet101_cal.pth,True,False,0.07,1,gap,0.0005,,adamw,0.05,0,800,224,8,5994,5794,37.18,2.799,78.69,1.191,285.3042,0.6504,1.2474,61.2356,5.5626,
DGX-CN02,KD_try,4,cub,vit_t16,,resnet101,cal,True,False,/home/edwinarkelrios.ee08/ckpts/cal_ckpts/cub_resnet101_cal.pth,True,False,0.07,1,gap,0.0005,,adamw,0.05,0,800,224,8,5994,5794,48.41,2.17,77.95,1.336,520.8597,1.0996,1.2474,61.2356,5.5626,
DGX-CN01,KD_try,5,cub,resnet18,,,,False,False,,True,False,0.07,1,gap,0.0005,,adamw,0.05,0,800,224,8,5994,5794,73.9,1.19,81.02,0.577,103.8061,2.4297,1.8161,11.2791,11.2791,
DGX-CN02,KD_try,5,cub,resnet18,,resnet101,cal,True,False,/home/edwinarkelrios.ee08/ckpts/cal_ckpts/cub_resnet101_cal.pth,True,False,0.07,1,gap,0.0005,,adamw,0.05,0,800,224,8,5994,5794,82.53,0.657,83.64,0.966,336.9992,2.9336,1.8161,66.9521,11.2791,
DGX-CN01,KD_try,5,cub,resnet18,,resnet101,,False,False,/home/edwinarkelrios.ee08/ckpts/ft_ckpts/cub_resnet101.pth,True,False,0.07,1,gap,0.0005,,adamw,0.05,0,800,224,8,5994,5794,77.25,0.883,82.09,0.876,165.0158,2.5996,1.8161,54.1891,11.2791,
DGX-CN02,KD_try,5,cub,resnet18,,resnet101,cal,False,False,/home/edwinarkelrios.ee08/ckpts/cal_ckpts/cub_resnet101_cal.pth,True,False,0.07,1,gap,0.0005,,adamw,0.05,0,800,224,8,5994,5794,79.27,0.767,80.26,1.01,167.9932,2.6914,1.8161,66.9521,11.2791,
nando-MS-7D88,KD_try,5,cub,vit_t16,,,,False,False,,True,False,0.07,1,gap,0.0005,,adamw,0.05,0,800,224,8,5994,5794,28.56,3.384,80.22,0.846,137.9268,0.3516,1.2545,5.563,5.563,
DGX-CN02,KD_try,5,cub,vit_t16,,vit_b16,,False,False,/home/edwinarkelrios.ee08/ckpts/ft_ckpts/cub_vit_b16.pth,True,False,0.07,1,gap,0.0005,,adamw,0.05,0,800,224,8,5994,5794,32.14,3.14,78.67,1.119,247.3484,0.7324,1.2545,91.5155,5.563,
DGX-CN02,KD_try,5,cub,vit_t16,,vit_b16,cal,False,False,/home/edwinarkelrios.ee08/ckpts/cal_ckpts/cub_vit_b16_cal.pth,True,False,0.07,1,gap,0.0005,,adamw,0.05,0,800,224,8,5994,5794,28.05,3.379,81.56,0.94,266.5136,0.8027,1.2474,96.2996,5.5626,
DGX-CN02,KD_try,5,cub,vit_t16,,vit_b16,cal,True,False,/home/edwinarkelrios.ee08/ckpts/cal_ckpts/cub_vit_b16_cal.pth,True,False,0.07,1,gap,0.0005,,adamw,0.05,0,800,224,8,5994,5794,31.22,3.217,83.8,0.896,496.1988,1.2188,1.2474,96.2996,5.5626,
nando-MS-7D88,KD_try,5,cub,vit_t16,,resnet101,,False,False,/home/nando/ckpts/ft_ckpts/cub_resnet101.pth,True,False,0.07,1,gap,0.0005,,adamw,0.05,0,800,224,8,5994,5794,35.21,2.706,79.14,1.319,186.0979,0.5176,1.2545,48.473,5.563,
DGX-CN02,KD_try,5,cub,vit_t16,,resnet101,cal,False,False,/home/edwinarkelrios.ee08/ckpts/cal_ckpts/cub_resnet101_cal.pth,True,False,0.07,1,gap,0.0005,,adamw,0.05,0,800,224,8,5994,5794,36.71,2.652,80.96,1.282,275.0954,0.7598,1.2474,61.2356,5.5626,
DGX-CN02,KD_try,5,cub,vit_t16,,resnet101,cal,True,False,/home/edwinarkelrios.ee08/ckpts/cal_ckpts/cub_resnet101_cal.pth,True,False,0.07,1,gap,0.0005,,adamw,0.05,0,800,224,8,5994,5794,49.33,2.062,83.54,1.311,501.7316,1.1055,1.2474,61.2356,5.5626,
nando-MS-7D88,KD_try,0,soygene,resnet18,,,,False,False,,True,False,0.07,1,gap,0.0005,,adamw,0.05,0,800,224,8,12763,11143,22.35,9.84,100.0,0.0,262.0578,1.2969,1.8166,11.7459,11.7459,
nando-MS-7D88,KD_try,0,soygene,resnet18,,resnet101,,False,False,/home/nando/ckpts/ft_ckpts/soygene_resnet101.pth,True,False,0.07,1,gap,0.0005,,adamw,0.05,0,800,224,8,12763,11143,36.58,3.052,100.0,0.137,394.4012,8.4004,1.8166,56.5205,11.7459,
nando-MS-7D88,KD_try,0,soygene,resnet18,,resnet101,cal,False,False,/home/nando/ckpts/cal_ckpts/soygene_resnet101_cal.pth,True,False,0.07,1,gap,0.0005,,adamw,0.05,0,800,224,8,12763,11143,45.54,2.527,100.0,0.116,432.9034,9.0098,1.8166,127.0567,11.7459,
nando-MS-7D88,KD_try,0,soygene,resnet18,,resnet101,cal,True,False,/home/nando/ckpts/cal_ckpts/soygene_resnet101_cal.pth,True,False,0.07,1,gap,0.0005,,adamw,0.05,0,800,224,8,12763,11143,38.28,2.895,100.0,0.163,790.816,9.1094,1.8166,127.0567,11.7459,
nando-MS-7D88,KD_try,0,soygene,vit_t16,,,,False,False,,True,False,0.07,1,gap,0.0005,,adamw,0.05,0,800,224,8,12763,11143,20.76,7.497,100.0,0.0,373.1617,0.3516,1.2546,5.7386,5.7386,
nando-MS-7D88,KD_try,0,soygene,vit_t16,,vit_b16,,False,False,/home/nando/ckpts/ft_ckpts/soygene_vit_b16.pth,True,False,0.07,1,gap,0.0005,,adamw,0.05,0,800,224,8,12763,11143,28.91,3.808,100.0,0.198,621.3439,8.5742,1.2546,92.3909,5.7386,
nando-MS-7D88,KD_try,0,soygene,vit_t16,,vit_b16,cal,False,False,/home/nando/ckpts/cal_ckpts/soygene_vit_b16_cal.pth,True,False,0.07,1,gap,0.0005,,adamw,0.05,0,800,224,8,12763,11143,33.94,3.186,100.0,0.07,670.0131,8.791,1.2475,118.8394,5.7383,
nando-MS-7D88,KD_try,0,soygene,vit_t16,,vit_b16,cal,True,False,/home/nando/ckpts/cal_ckpts/soygene_vit_b16_cal.pth,True,False,0.07,1,gap,0.0005,,adamw,0.05,0,800,224,8,12763,11143,44.16,2.583,100.0,0.426,1251.9726,9.2285,1.2475,118.8394,5.7383,
nando-MS-7D88,KD_try,0,soygene,vit_t16,,resnet101,,False,False,/home/nando/ckpts/ft_ckpts/soygene_resnet101.pth,True,False,0.07,1,gap,0.0005,,adamw,0.05,0,800,224,8,12763,11143,26.4,4.015,99.99,0.333,556.8405,8.416,1.2546,50.5132,5.7386,
nando-MS-7D88,KD_try,0,soygene,vit_t16,,resnet101,cal,False,False,/home/nando/ckpts/cal_ckpts/soygene_resnet101_cal.pth,True,False,0.07,1,gap,0.0005,,adamw,0.05,0,800,224,8,12763,11143,26.03,4.117,100.0,0.253,609.1206,9.0,1.2475,121.049,5.7383,
nando-MS-7D88,KD_try,0,soygene,vit_t16,,resnet101,cal,True,False,/home/nando/ckpts/cal_ckpts/soygene_resnet101_cal.pth,True,False,0.07,1,gap,0.0005,,adamw,0.05,0,800,224,8,12763,11143,33.82,3.434,100.0,0.388,1079.8466,9.4004,1.2475,121.049,5.7383,
vsplab-DGX-Station-A100,KD_try,1,soygene,resnet18,,,,False,False,,True,False,0.07,1,gap,0.0005,,adamw,0.05,0,800,224,8,12763,11143,47.03,3.685,99.87,0.005,345.6799,2.3984,1.8166,11.7459,11.7459,
vsplab-DGX-Station-A100,KD_try,1,soygene,resnet18,,resnet101,,False,False,/Desktop/CodeFolder/results_backbones/ft_ckpts/soygene_resnet101.pth,True,False,0.07,1,gap,0.0005,,adamw,0.05,0,800,224,8,12763,11143,45.79,2.621,99.66,0.231,842.5194,8.4277,1.8166,56.5205,11.7459,
vsplab-DGX-Station-A100,KD_try,1,soygene,resnet18,,resnet101,cal,False,False,/Desktop/CodeFolder/results_backbones/cal_ckpts/soygene_resnet101_cal.pth,True,False,0.07,1,gap,0.0005,,adamw,0.05,0,800,224,8,12763,11143,51.1,2.268,99.8,0.171,973.3203,9.0098,1.8166,127.0567,11.7459,
vsplab-DGX-Station-A100,KD_try,1,soygene,resnet18,,resnet101,cal,True,False,/Desktop/CodeFolder/results_backbones/cal_ckpts/soygene_resnet101_cal.pth,True,False,0.07,1,gap,0.0005,,adamw,0.05,0,800,224,8,12763,11143,32.4,3.232,99.77,0.215,1651.4917,9.1094,1.8166,127.0567,11.7459,
vsplab-DGX-Station-A100,KD_try,1,soygene,vit_t16,,,,False,False,,True,False,0.07,1,gap,0.0005,,adamw,0.05,0,800,224,8,12763,11143,27.54,5.323,99.48,0.02,945.8525,0.3457,1.2546,5.7386,5.7386,
vsplab-DGX-Station-A100,KD_try,1,soygene,vit_t16,,vit_b16,,False,False,/Desktop/CodeFolder/results_backbones/ft_ckpts/soygene_vit_b16.pth,True,False,0.07,1,gap,0.0005,,adamw,0.05,0,800,224,8,12763,11143,28.32,3.964,99.1,0.337,1475.6983,8.5742,1.2546,92.3909,5.7386,
vsplab-DGX-Station-A100,KD_try,1,soygene,vit_t16,,vit_b16,cal,False,False,/Desktop/CodeFolder/results_backbones/cal_ckpts/soygene_vit_b16_cal.pth,True,False,0.07,1,gap,0.0005,,adamw,0.05,0,800,224,8,12763,11143,36.42,3.098,99.8,0.167,1544.5228,8.791,1.2475,118.8394,5.7383,
vsplab-DGX-Station-A100,KD_try,1,soygene,vit_t16,,vit_b16,cal,True,False,/Desktop/CodeFolder/results_backbones/cal_ckpts/soygene_vit_b16_cal.pth,True,False,0.07,1,gap,0.0005,,adamw,0.05,0,800,224,8,12763,11143,46.46,2.48,99.88,0.489,2717.2287,9.2285,1.2475,118.8394,5.7383,
vsplab-DGX-Station-A100,KD_try,1,soygene,vit_t16,,resnet101,,False,False,/Desktop/CodeFolder/results_backbones/ft_ckpts/soygene_resnet101.pth,True,False,0.07,1,gap,0.0005,,adamw,0.05,0,800,224,8,12763,11143,28.66,3.863,99.3,0.455,1488.7528,8.416,1.2546,50.5132,5.7386,
vsplab-DGX-Station-A100,KD_try,1,soygene,vit_t16,,resnet101,cal,False,False,/Desktop/CodeFolder/results_backbones/cal_ckpts/soygene_resnet101_cal.pth,True,False,0.07,1,gap,0.0005,,adamw,0.05,0,800,224,8,12763,11143,34.9,3.326,99.69,0.316,1600.0983,8.998,1.2475,121.049,5.7383,
vsplab-DGX-Station-A100,KD_try,1,soygene,vit_t16,,resnet101,cal,True,False,/Desktop/CodeFolder/results_backbones/cal_ckpts/soygene_resnet101_cal.pth,True,False,0.07,1,gap,0.0005,,adamw,0.05,0,800,224,8,12763,11143,31.6,3.573,99.76,0.443,2904.0927,9.4004,1.2475,121.049,5.7383,
vsplab-DGX-Station-A100,KD_try,2,soygene,resnet18,,,,False,False,,True,False,0.07,1,gap,0.0005,,adamw,0.05,0,800,224,8,12763,11143,34.08,4.222,98.26,0.07,349.5896,2.3984,1.8166,11.7459,11.7459,
vsplab-DGX-Station-A100,KD_try,2,soygene,resnet18,,resnet101,,False,False,/Desktop/CodeFolder/results_backbones/ft_ckpts/soygene_resnet101.pth,True,False,0.07,1,gap,0.0005,,adamw,0.05,0,800,224,8,12763,11143,36.07,3.127,97.35,0.511,842.7054,8.4277,1.8166,56.5205,11.7459,
vsplab-DGX-Station-A100,KD_try,2,soygene,resnet18,,resnet101,cal,True,False,/Desktop/CodeFolder/results_backbones/cal_ckpts/soygene_resnet101_cal.pth,True,False,0.07,1,gap,0.0005,,adamw,0.05,0,800,224,8,12763,11143,25.56,3.582,98.35,0.414,1678.0484,9.1094,1.8166,127.0567,11.7459,
vsplab-DGX-Station-A100,KD_try,2,soygene,resnet18,,resnet101,cal,False,False,/Desktop/CodeFolder/results_backbones/cal_ckpts/soygene_resnet101_cal.pth,True,False,0.07,1,gap,0.0005,,adamw,0.05,0,800,224,8,12763,11143,39.99,2.838,98.1,0.406,883.4728,9.0098,1.8166,127.0567,11.7459,
vsplab-DGX-Station-A100,KD_try,2,soygene,vit_t16,,,,False,False,,True,False,0.07,1,gap,0.0005,,adamw,0.05,0,800,224,8,12763,11143,27.97,4.521,95.56,0.204,961.2783,0.3457,1.2546,5.7386,5.7386,
vsplab-DGX-Station-A100,KD_try,2,soygene,vit_t16,,vit_b16,,False,False,/Desktop/CodeFolder/results_backbones/ft_ckpts/soygene_vit_b16.pth,True,False,0.07,1,gap,0.0005,,adamw,0.05,0,800,224,8,12763,11143,39.24,2.87,95.31,0.719,1474.7852,8.5742,1.2546,92.3909,5.7386,
vsplab-DGX-Station-A100,KD_try,2,soygene,vit_t16,,vit_b16,cal,False,False,/Desktop/CodeFolder/results_backbones/cal_ckpts/soygene_vit_b16_cal.pth,True,False,0.07,1,gap,0.0005,,adamw,0.05,0,800,224,8,12763,11143,39.01,2.704,96.87,0.437,1551.1108,8.791,1.2475,118.8394,5.7383,
vsplab-DGX-Station-A100,KD_try,2,soygene,vit_t16,,vit_b16,cal,True,False,/Desktop/CodeFolder/results_backbones/cal_ckpts/soygene_vit_b16_cal.pth,True,False,0.07,1,gap,0.0005,,adamw,0.05,0,800,224,8,12763,11143,45.95,2.397,97.0,0.653,2719.0867,9.2285,1.2475,118.8394,5.7383,
vsplab-DGX-Station-A100,KD_try,2,soygene,vit_t16,,resnet101,,False,False,/Desktop/CodeFolder/results_backbones/ft_ckpts/soygene_resnet101.pth,True,False,0.07,1,gap,0.0005,,adamw,0.05,0,800,224,8,12763,11143,36.03,3.119,95.3,0.91,1509.3784,8.416,1.2546,50.5132,5.7386,
vsplab-DGX-Station-A100,KD_try,2,soygene,vit_t16,,resnet101,cal,False,False,/Desktop/CodeFolder/results_backbones/cal_ckpts/soygene_resnet101_cal.pth,True,False,0.07,1,gap,0.0005,,adamw,0.05,0,800,224,8,12763,11143,35.58,3.144,96.47,0.716,1619.3169,8.998,1.2475,121.049,5.7383,
vsplab-DGX-Station-A100,KD_try,2,soygene,vit_t16,,resnet101,cal,True,False,/Desktop/CodeFolder/results_backbones/cal_ckpts/soygene_resnet101_cal.pth,True,False,0.07,1,gap,0.0005,,adamw,0.05,0,800,224,8,12763,11143,37.6,2.983,96.85,0.791,2922.5327,9.4004,1.2475,121.049,5.7383,
nando-MS-7D88,KD_try,3,soygene,resnet18,,,,False,False,,True,False,0.07,1,gap,0.0005,,adamw,0.05,0,800,224,8,12763,11143,50.54,2.352,87.34,0.61,266.9297,1.2969,1.8166,11.7459,11.7459,
nando-MS-7D88,KD_try,3,soygene,resnet18,,resnet101,,False,False,/home/nando/ckpts/ft_ckpts/soygene_resnet101.pth,True,False,0.07,1,gap,0.0005,,adamw,0.05,0,800,224,8,12763,11143,51.49,2.205,86.93,1.124,393.4814,8.4004,1.8166,56.5205,11.7459,
nando-MS-7D88,KD_try,3,soygene,resnet18,,resnet101,cal,False,False,/home/nando/ckpts/cal_ckpts/soygene_resnet101_cal.pth,True,False,0.07,1,gap,0.0005,,adamw,0.05,0,800,224,8,12763,11143,51.66,2.198,86.58,0.969,436.9837,9.0098,1.8166,127.0567,11.7459,
nando-MS-7D88,KD_try,3,soygene,resnet18,,resnet101,cal,True,False,/home/nando/ckpts/cal_ckpts/soygene_resnet101_cal.pth,True,False,0.07,1,gap,0.0005,,adamw,0.05,0,800,224,8,12763,11143,28.13,3.544,87.49,0.956,790.7963,9.1016,1.8166,127.0567,11.7459,
nando-MS-7D88,KD_try,3,soygene,vit_t16,,,,False,False,,True,False,0.07,1,gap,0.0005,,adamw,0.05,0,800,224,8,12763,11143,31.08,3.903,84.83,1.132,379.9021,0.3516,1.2546,5.7386,5.7386,
nando-MS-7D88,KD_try,3,soygene,vit_t16,,vit_b16,,False,False,/home/nando/ckpts/ft_ckpts/soygene_vit_b16.pth,True,False,0.07,1,gap,0.0005,,adamw,0.05,0,800,224,8,12763,11143,43.17,2.676,84.16,1.661,621.7651,8.5742,1.2546,92.3909,5.7386,
nando-MS-7D88,KD_try,3,soygene,vit_t16,,vit_b16,cal,False,False,/home/nando/ckpts/cal_ckpts/soygene_vit_b16_cal.pth,True,False,0.07,1,gap,0.0005,,adamw,0.05,0,800,224,8,12763,11143,45.4,2.411,88.34,0.808,668.0443,8.791,1.2475,118.8394,5.7383,
nando-MS-7D88,KD_try,3,soygene,vit_t16,,vit_b16,cal,True,False,/home/nando/ckpts/cal_ckpts/soygene_vit_b16_cal.pth,True,False,0.07,1,gap,0.0005,,adamw,0.05,0,800,224,8,12763,11143,55.09,1.971,88.16,1.038,1253.5412,9.2285,1.2475,118.8394,5.7383,
nando-MS-7D88,KD_try,3,soygene,vit_t16,,resnet101,,False,False,/home/nando/ckpts/ft_ckpts/soygene_resnet101.pth,True,False,0.07,1,gap,0.0005,,adamw,0.05,0,800,224,8,12763,11143,38.89,2.901,83.57,1.757,562.0731,8.416,1.2546,50.5132,5.7386,
nando-MS-7D88,KD_try,3,soygene,vit_t16,,resnet101,cal,False,False,/home/nando/ckpts/cal_ckpts/soygene_resnet101_cal.pth,True,False,0.07,1,gap,0.0005,,adamw,0.05,0,800,224,8,12763,11143,39.4,2.91,88.39,1.02,612.0837,9.0,1.2475,121.049,5.7383,
nando-MS-7D88,KD_try,3,soygene,vit_t16,,resnet101,cal,True,False,/home/nando/ckpts/cal_ckpts/soygene_resnet101_cal.pth,True,False,0.07,1,gap,0.0005,,adamw,0.05,0,800,224,8,12763,11143,42.01,2.781,88.46,1.122,1079.9759,9.4004,1.2475,121.049,5.7383,
nando-MS-7D88,KD_try,4,soygene,resnet18,,,,False,False,,True,False,0.07,1,gap,0.0005,,adamw,0.05,0,800,224,8,12763,11143,22.83,5.469,77.19,0.654,264.6981,1.293,1.8166,11.7459,11.7459,
nando-MS-7D88,KD_try,4,soygene,resnet18,,resnet101,cal,False,False,/home/nando/ckpts/cal_ckpts/soygene_resnet101_cal.pth,True,False,0.07,1,gap,0.0005,,adamw,0.05,0,800,224,8,12763,11143,47.55,2.448,77.1,1.123,435.9962,8.9961,1.8166,127.0567,11.7459,
nando-MS-7D88,KD_try,4,soygene,resnet18,,resnet101,cal,True,False,/home/nando/ckpts/cal_ckpts/soygene_resnet101_cal.pth,True,False,0.07,1,gap,0.0005,,adamw,0.05,0,800,224,8,12763,11143,30.8,3.322,78.79,1.036,785.1541,9.1094,1.8166,127.0567,11.7459,
vsplab-DGX-Station-A100,KD_try,4,soygene,resnet18,,resnet101,,False,False,/Desktop/CodeFolder/results_backbones/ft_ckpts/soygene_resnet101.pth,True,False,0.07,1,gap,0.0005,,adamw,0.05,0,800,224,8,12763,11143,40.9,2.732,76.71,1.164,800.2487,8.4277,1.8166,56.5205,11.7459,
nando-MS-7D88,KD_try,4,soygene,vit_t16,,,,False,False,,True,False,0.07,1,gap,0.0005,,adamw,0.05,0,800,224,8,12763,11143,28.92,4.103,76.1,0.891,378.8214,0.3516,1.2546,5.7386,5.7386,
nando-MS-7D88,KD_try,4,soygene,vit_t16,,vit_b16,,False,False,/home/nando/ckpts/ft_ckpts/soygene_vit_b16.pth,True,False,0.07,1,gap,0.0005,,adamw,0.05,0,800,224,8,12763,11143,36.15,3.129,77.26,1.432,617.8627,8.5938,1.2546,92.3909,5.7386,
nando-MS-7D88,KD_try,4,soygene,vit_t16,,vit_b16,cal,False,False,/home/nando/ckpts/cal_ckpts/soygene_vit_b16_cal.pth,True,False,0.07,1,gap,0.0005,,adamw,0.05,0,800,224,8,12763,11143,42.13,2.62,77.66,0.772,667.5255,8.791,1.2475,118.8394,5.7383,
nando-MS-7D88,KD_try,4,soygene,vit_t16,,vit_b16,cal,True,False,/home/nando/ckpts/cal_ckpts/soygene_vit_b16_cal.pth,True,False,0.07,1,gap,0.0005,,adamw,0.05,0,800,224,8,12763,11143,49.9,2.257,77.55,0.942,1262.1732,9.2422,1.2475,118.8394,5.7383,
nando-MS-7D88,KD_try,4,soygene,vit_t16,,resnet101,,False,False,/home/nando/ckpts/ft_ckpts/soygene_resnet101.pth,True,False,0.07,1,gap,0.0005,,adamw,0.05,0,800,224,8,12763,11143,34.68,3.196,76.97,1.507,559.696,8.416,1.2546,50.5132,5.7386,
nando-MS-7D88,KD_try,4,soygene,vit_t16,,resnet101,cal,False,False,/home/nando/ckpts/cal_ckpts/soygene_resnet101_cal.pth,True,False,0.07,1,gap,0.0005,,adamw,0.05,0,800,224,8,12763,11143,34.3,3.271,78.36,1.027,610.5276,8.998,1.2475,121.049,5.7383,
nando-MS-7D88,KD_try,4,soygene,vit_t16,,resnet101,cal,True,False,/home/nando/ckpts/cal_ckpts/soygene_resnet101_cal.pth,True,False,0.07,1,gap,0.0005,,adamw,0.05,0,800,224,8,12763,11143,39.57,2.886,78.46,1.056,1076.7305,9.4004,1.2475,121.049,5.7383,
vsplab-DGX-Station-A100,KD_try,5,soygene,resnet18,,,,False,False,,True,False,0.07,1,gap,0.0005,,adamw,0.05,0,800,224,8,12763,11143,42.74,3.062,80.98,0.734,351.4705,2.3984,1.8166,11.7459,11.7459,
vsplab-DGX-Station-A100,KD_try,5,soygene,resnet18,,resnet101,,False,False,/Desktop/CodeFolder/results_backbones/ft_ckpts/soygene_resnet101.pth,True,False,0.07,1,gap,0.0005,,adamw,0.05,0,800,224,8,12763,11143,47.52,2.436,80.77,1.31,867.9752,8.4355,1.8166,56.5205,11.7459,
vsplab-DGX-Station-A100,KD_try,5,soygene,resnet18,,resnet101,cal,False,False,/Desktop/CodeFolder/results_backbones/cal_ckpts/soygene_resnet101_cal.pth,True,False,0.07,1,gap,0.0005,,adamw,0.05,0,800,224,8,12763,11143,52.62,2.168,81.76,1.135,922.5672,9.0098,1.8166,127.0567,11.7459,
vsplab-DGX-Station-A100,KD_try,5,soygene,resnet18,,resnet101,cal,True,False,/Desktop/CodeFolder/results_backbones/cal_ckpts/soygene_resnet101_cal.pth,True,False,0.07,1,gap,0.0005,,adamw,0.05,0,800,224,8,12763,11143,22.11,4.028,80.56,1.119,1672.2502,9.1172,1.8166,127.0567,11.7459,
vsplab-DGX-Station-A100,KD_try,5,soygene,vit_t16,,resnet101,,False,False,/Desktop/CodeFolder/results_backbones/ft_ckpts/soygene_resnet101.pth,True,False,0.07,1,gap,0.0005,,adamw,0.05,0,800,224,8,12763,11143,37.86,2.956,78.73,1.794,1589.7319,8.416,1.2546,50.5132,5.7386,
vsplab-DGX-Station-A100,KD_try,5,soygene,vit_t16,,vit_b16,,False,False,/Desktop/CodeFolder/results_backbones/ft_ckpts/soygene_vit_b16.pth,True,False,0.07,1,gap,0.0005,,adamw,0.05,0,800,224,8,12763,11143,39.98,2.871,79.69,1.652,1542.7384,8.5938,1.2546,92.3909,5.7386,
vsplab-DGX-Station-A100,KD_try,5,soygene,vit_t16,,,,False,False,,True,False,0.07,1,gap,0.0005,,adamw,0.05,0,800,224,8,12763,11143,31.14,3.819,80.69,1.076,991.3908,0.3477,1.2546,5.7386,5.7386,
vsplab-DGX-Station-A100,KD_try,5,soygene,vit_t16,,vit_b16,cal,True,False,/Desktop/CodeFolder/results_backbones/cal_ckpts/soygene_vit_b16_cal.pth,True,False,0.07,1,gap,0.0005,,adamw,0.05,0,800,224,8,12763,11143,53.5,2.034,83.41,1.083,2671.8517,9.2285,1.2475,118.8394,5.7383,
vsplab-DGX-Station-A100,KD_try,5,soygene,vit_t16,,vit_b16,cal,False,False,/Desktop/CodeFolder/results_backbones/cal_ckpts/soygene_vit_b16_cal.pth,True,False,0.07,1,gap,0.0005,,adamw,0.05,0,800,224,8,12763,11143,44.2,2.502,82.12,0.899,1557.5709,8.791,1.2475,118.8394,5.7383,
vsplab-DGX-Station-A100,KD_try,5,soygene,vit_t16,,resnet101,cal,False,False,/Desktop/CodeFolder/results_backbones/cal_ckpts/soygene_resnet101_cal.pth,True,False,0.07,1,gap,0.0005,,adamw,0.05,0,800,224,8,12763,11143,39.94,2.887,81.33,1.155,1665.1676,8.998,1.2475,121.049,5.7383,
vsplab-DGX-Station-A100,KD_try,5,soygene,vit_t16,,resnet101,cal,True,False,/Desktop/CodeFolder/results_backbones/cal_ckpts/soygene_resnet101_cal.pth,True,False,0.07,1,gap,0.0005,,adamw,0.05,0,800,224,8,12763,11143,36.15,3.175,82.47,1.128,2842.7704,9.4004,1.2475,121.049,5.7383,
DGX-CN01,KD_try,0,soylocal,resnet18,,,,False,False,,True,False,0.07,1,gap,0.0005,,adamw,0.05,0,800,224,8,600,600,32.17,5.918,100.0,0.001,14.4507,2.4434,1.8161,11.2791,11.2791,
DGX-CN01,KD_try,0,soylocal,resnet18,,resnet101,,False,False,/home/edwinarkelrios.ee08/ckpts/ft_ckpts/soylocal_resnet101.pth,True,False,0.07,1,gap,0.0005,,adamw,0.05,0,800,224,8,600,600,37.67,2.755,100.0,0.104,25.3375,2.5996,1.8161,54.1891,11.2791,
DGX-CN01,KD_try,0,soylocal,resnet18,,resnet101,cal,False,False,/home/edwinarkelrios.ee08/ckpts/cal_ckpts/soylocal_resnet101_cal.pth,True,False,0.07,1,gap,0.0005,,adamw,0.05,0,800,224,8,600,600,39.5,2.582,100.0,0.152,26.4796,2.6914,1.8161,66.9521,11.2791,
DGX-CN01,KD_try,0,soylocal,resnet18,,resnet101,cal,True,False,/home/edwinarkelrios.ee08/ckpts/cal_ckpts/soylocal_resnet101_cal.pth,True,False,0.07,1,gap,0.0005,,adamw,0.05,0,800,224,8,600,600,32.5,2.912,100.0,0.192,39.5691,2.9336,1.8161,66.9521,11.2791,
DGX-CN02,KD_try,0,soylocal,vit_t16,,,,False,False,,True,False,0.07,1,gap,0.0005,,adamw,0.05,0,800,224,8,600,600,14.5,10.42,100.0,0.001,28.0562,0.3887,1.2545,5.563,5.563,
DGX-CN02,KD_try,0,soylocal,vit_t16,,resnet101,,False,False,/home/edwinarkelrios.ee08/ckpts/ft_ckpts/soylocal_resnet101.pth,True,False,0.07,1,gap,0.0005,,adamw,0.05,0,800,224,8,600,600,17.17,4.418,100.0,0.147,35.3261,0.5645,1.2545,48.473,5.563,
DGX-CN02,KD_try,0,soylocal,vit_t16,,resnet101,cal,False,False,/home/edwinarkelrios.ee08/ckpts/cal_ckpts/soylocal_resnet101_cal.pth,True,False,0.07,1,gap,0.0005,,adamw,0.05,0,800,224,8,600,600,19.83,4.319,100.0,0.261,37.3737,0.6484,1.2474,61.2356,5.5626,
DGX-CN02,KD_try,0,soylocal,vit_t16,,resnet101,cal,True,False,/home/edwinarkelrios.ee08/ckpts/cal_ckpts/soylocal_resnet101_cal.pth,True,False,0.07,1,gap,0.0005,,adamw,0.05,0,800,224,8,600,600,21.0,4.077,100.0,0.353,60.847,1.1055,1.2474,61.2356,5.5626,
DGX-CN02,KD_try,0,soylocal,vit_t16,,vit_b16,,False,False,/home/edwinarkelrios.ee08/ckpts/ft_ckpts/soylocal_vit_b16.pth,True,False,0.07,1,gap,0.0005,,adamw,0.05,0,800,224,8,600,600,14.17,5.002,100.0,0.1,33.1082,0.7129,1.2545,91.5155,5.563,
DGX-CN02,KD_try,0,soylocal,vit_t16,,vit_b16,cal,False,False,/home/edwinarkelrios.ee08/ckpts/cal_ckpts/soylocal_vit_b16_cal.pth,True,False,0.07,1,gap,0.0005,,adamw,0.05,0,800,224,8,600,600,17.83,4.554,99.83,0.106,35.7682,0.8027,1.2474,96.2996,5.5626,
DGX-CN02,KD_try,0,soylocal,vit_t16,,vit_b16,cal,True,False,/home/edwinarkelrios.ee08/ckpts/cal_ckpts/soylocal_vit_b16_cal.pth,True,False,0.07,1,gap,0.0005,,adamw,0.05,0,800,224,8,600,600,21.17,4.177,100.0,0.134,58.2923,1.1992,1.2474,96.2996,5.5626,
DGX-CN01,KD_try,1,soylocal,resnet18,,,,False,False,,True,False,0.07,1,gap,0.0005,,adamw,0.05,0,800,224,8,600,600,34.5,5.169,99.5,0.014,15.8836,2.4434,1.8161,11.2791,11.2791,
DGX-CN01,KD_try,1,soylocal,resnet18,,resnet101,,False,False,/home/edwinarkelrios.ee08/ckpts/ft_ckpts/soylocal_resnet101.pth,True,False,0.07,1,gap,0.0005,,adamw,0.05,0,800,224,8,600,600,40.5,2.654,99.67,0.149,25.3352,2.5996,1.8161,54.1891,11.2791,
DGX-CN01,KD_try,1,soylocal,resnet18,,resnet101,cal,False,False,/home/edwinarkelrios.ee08/ckpts/cal_ckpts/soylocal_resnet101_cal.pth,True,False,0.07,1,gap,0.0005,,adamw,0.05,0,800,224,8,600,600,40.17,2.601,99.67,0.215,26.2368,2.6914,1.8161,66.9521,11.2791,
DGX-CN01,KD_try,1,soylocal,resnet18,,resnet101,cal,True,False,/home/edwinarkelrios.ee08/ckpts/cal_ckpts/soylocal_resnet101_cal.pth,True,False,0.07,1,gap,0.0005,,adamw,0.05,0,800,224,8,600,600,30.33,2.914,99.83,0.252,39.8438,2.9336,1.8161,66.9521,11.2791,
DGX-CN02,KD_try,1,soylocal,vit_t16,,,,False,False,,True,False,0.07,1,gap,0.0005,,adamw,0.05,0,800,224,8,600,600,17.17,7.716,98.17,0.07,28.1001,0.3867,1.2545,5.563,5.563,
DGX-CN02,KD_try,1,soylocal,vit_t16,,resnet101,,False,False,/home/edwinarkelrios.ee08/ckpts/ft_ckpts/soylocal_resnet101.pth,True,False,0.07,1,gap,0.0005,,adamw,0.05,0,800,224,8,600,600,21.0,4.022,98.5,0.227,35.3421,0.5508,1.2545,48.473,5.563,
DGX-CN02,KD_try,1,soylocal,vit_t16,,resnet101,cal,False,False,/home/edwinarkelrios.ee08/ckpts/cal_ckpts/soylocal_resnet101_cal.pth,True,False,0.07,1,gap,0.0005,,adamw,0.05,0,800,224,8,600,600,20.0,4.152,98.5,0.347,37.4354,0.6406,1.2474,61.2356,5.5626,
DGX-CN02,KD_try,1,soylocal,vit_t16,,resnet101,cal,True,False,/home/edwinarkelrios.ee08/ckpts/cal_ckpts/soylocal_resnet101_cal.pth,True,False,0.07,1,gap,0.0005,,adamw,0.05,0,800,224,8,600,600,20.17,4.029,98.67,0.435,60.7872,1.0938,1.2474,61.2356,5.5626,
DGX-CN02,KD_try,1,soylocal,vit_t16,,vit_b16,,False,False,/home/edwinarkelrios.ee08/ckpts/ft_ckpts/soylocal_vit_b16.pth,True,False,0.07,1,gap,0.0005,,adamw,0.05,0,800,224,8,600,600,17.83,4.538,98.17,0.187,33.1556,0.7129,1.2545,91.5155,5.563,
DGX-CN02,KD_try,1,soylocal,vit_t16,,vit_b16,cal,False,False,/home/edwinarkelrios.ee08/ckpts/cal_ckpts/soylocal_vit_b16_cal.pth,True,False,0.07,1,gap,0.0005,,adamw,0.05,0,800,224,8,600,600,19.0,4.318,99.17,0.173,35.8297,0.7559,1.2474,96.2996,5.5626,
DGX-CN02,KD_try,1,soylocal,vit_t16,,vit_b16,cal,True,False,/home/edwinarkelrios.ee08/ckpts/cal_ckpts/soylocal_vit_b16_cal.pth,True,False,0.07,1,gap,0.0005,,adamw,0.05,0,800,224,8,600,600,21.33,4.104,99.83,0.194,58.2823,1.1992,1.2474,96.2996,5.5626,
DGX-CN01,KD_try,2,soylocal,resnet18,,,,False,False,,True,False,0.07,1,gap,0.0005,,adamw,0.05,0,800,224,8,600,600,32.67,4.196,95.67,0.164,16.8465,2.4473,1.8161,11.2791,11.2791,
DGX-CN01,KD_try,2,soylocal,resnet18,,resnet101,,False,False,/home/edwinarkelrios.ee08/ckpts/ft_ckpts/soylocal_resnet101.pth,True,False,0.07,1,gap,0.0005,,adamw,0.05,0,800,224,8,600,600,35.67,2.843,95.83,0.518,24.6384,2.5996,1.8161,54.1891,11.2791,
DGX-CN01,KD_try,2,soylocal,resnet18,,resnet101,cal,False,False,/home/edwinarkelrios.ee08/ckpts/cal_ckpts/soylocal_resnet101_cal.pth,True,False,0.07,1,gap,0.0005,,adamw,0.05,0,800,224,8,600,600,33.5,2.969,96.83,0.637,26.0526,2.6914,1.8161,66.9521,11.2791,
DGX-CN01,KD_try,2,soylocal,resnet18,,resnet101,cal,True,False,/home/edwinarkelrios.ee08/ckpts/cal_ckpts/soylocal_resnet101_cal.pth,True,False,0.07,1,gap,0.0005,,adamw,0.05,0,800,224,8,600,600,12.83,3.942,97.67,0.535,39.3732,2.9336,1.8161,66.9521,11.2791,
DGX-CN02,KD_try,2,soylocal,vit_t16,,,,False,False,,True,False,0.07,1,gap,0.0005,,adamw,0.05,0,800,224,8,600,600,11.67,4.468,30.17,2.466,28.0881,0.3848,1.2545,5.563,5.563,
DGX-CN02,KD_try,2,soylocal,vit_t16,,resnet101,,False,False,/home/edwinarkelrios.ee08/ckpts/ft_ckpts/soylocal_resnet101.pth,True,False,0.07,1,gap,0.0005,,adamw,0.05,0,800,224,8,600,600,17.17,4.169,60.67,1.935,35.3517,0.584,1.2545,48.473,5.563,
DGX-CN02,KD_try,2,soylocal,vit_t16,,resnet101,cal,False,False,/home/edwinarkelrios.ee08/ckpts/cal_ckpts/soylocal_resnet101_cal.pth,True,False,0.07,1,gap,0.0005,,adamw,0.05,0,800,224,8,600,600,18.17,3.764,39.67,3.15,37.3602,0.6484,1.2474,61.2356,5.5626,
DGX-CN02,KD_try,2,soylocal,vit_t16,,resnet101,cal,True,False,/home/edwinarkelrios.ee08/ckpts/cal_ckpts/soylocal_resnet101_cal.pth,True,False,0.07,1,gap,0.0005,,adamw,0.05,0,800,224,8,600,600,21.83,3.93,68.0,2.053,60.6777,1.0996,1.2474,61.2356,5.5626,
DGX-CN02,KD_try,2,soylocal,vit_t16,,vit_b16,,False,False,/home/edwinarkelrios.ee08/ckpts/ft_ckpts/soylocal_vit_b16.pth,True,False,0.07,1,gap,0.0005,,adamw,0.05,0,800,224,8,600,600,15.0,4.099,39.17,2.522,33.1998,0.7129,1.2545,91.5155,5.563,
DGX-CN02,KD_try,2,soylocal,vit_t16,,vit_b16,cal,False,False,/home/edwinarkelrios.ee08/ckpts/cal_ckpts/soylocal_vit_b16_cal.pth,True,False,0.07,1,gap,0.0005,,adamw,0.05,0,800,224,8,600,600,16.5,3.599,28.17,3.252,35.8226,0.8047,1.2474,96.2996,5.5626,
DGX-CN02,KD_try,2,soylocal,vit_t16,,vit_b16,cal,True,False,/home/edwinarkelrios.ee08/ckpts/cal_ckpts/soylocal_vit_b16_cal.pth,True,False,0.07,1,gap,0.0005,,adamw,0.05,0,800,224,8,600,600,19.83,3.768,52.17,2.615,58.3531,1.2031,1.2474,96.2996,5.5626,
DGX-CN01,KD_try,3,soylocal,resnet18,,,,False,False,,True,False,0.07,1,gap,0.0005,,adamw,0.05,0,800,224,8,600,600,38.33,2.867,85.5,0.623,17.057,2.4434,1.8161,11.2791,11.2791,
DGX-CN01,KD_try,3,soylocal,resnet18,,resnet101,,False,False,/home/edwinarkelrios.ee08/ckpts/ft_ckpts/soylocal_resnet101.pth,True,False,0.07,1,gap,0.0005,,adamw,0.05,0,800,224,8,600,600,38.83,2.584,86.83,0.992,24.6133,2.5996,1.8161,54.1891,11.2791,
DGX-CN01,KD_try,3,soylocal,resnet18,,resnet101,cal,False,False,/home/edwinarkelrios.ee08/ckpts/cal_ckpts/soylocal_resnet101_cal.pth,True,False,0.07,1,gap,0.0005,,adamw,0.05,0,800,224,8,600,600,42.5,2.436,88.17,1.178,26.3285,2.6914,1.8161,66.9521,11.2791,
DGX-CN01,KD_try,3,soylocal,resnet18,,resnet101,cal,True,False,/home/edwinarkelrios.ee08/ckpts/cal_ckpts/soylocal_resnet101_cal.pth,True,False,0.07,1,gap,0.0005,,adamw,0.05,0,800,224,8,600,600,27.33,3.043,90.67,0.882,38.3925,2.9336,1.8161,66.9521,11.2791,
DGX-CN02,KD_try,3,soylocal,vit_t16,,,,False,False,,True,False,0.07,1,gap,0.0005,,adamw,0.05,0,800,224,8,600,600,19.67,4.992,87.67,0.703,26.4487,0.3848,1.2545,5.563,5.563,
DGX-CN02,KD_try,3,soylocal,vit_t16,,resnet101,,False,False,/home/edwinarkelrios.ee08/ckpts/ft_ckpts/soylocal_resnet101.pth,True,False,0.07,1,gap,0.0005,,adamw,0.05,0,800,224,8,600,600,20.83,3.645,85.17,1.043,33.7023,0.5508,1.2545,48.473,5.563,
DGX-CN02,KD_try,3,soylocal,vit_t16,,resnet101,cal,False,False,/home/edwinarkelrios.ee08/ckpts/cal_ckpts/soylocal_resnet101_cal.pth,True,False,0.07,1,gap,0.0005,,adamw,0.05,0,800,224,8,600,600,25.83,3.49,82.33,1.296,37.7001,0.6504,1.2474,61.2356,5.5626,
DGX-CN02,KD_try,3,soylocal,vit_t16,,resnet101,cal,True,False,/home/edwinarkelrios.ee08/ckpts/cal_ckpts/soylocal_resnet101_cal.pth,True,False,0.07,1,gap,0.0005,,adamw,0.05,0,800,224,8,600,600,23.67,3.449,88.5,1.049,60.5316,1.1055,1.2474,61.2356,5.5626,
DGX-CN02,KD_try,3,soylocal,vit_t16,,vit_b16,,False,False,/home/edwinarkelrios.ee08/ckpts/ft_ckpts/soylocal_vit_b16.pth,True,False,0.07,1,gap,0.0005,,adamw,0.05,0,800,224,8,600,600,20.83,3.754,83.33,1.042,32.1124,0.7129,1.2545,91.5155,5.563,
DGX-CN02,KD_try,3,soylocal,vit_t16,,vit_b16,cal,False,False,/home/edwinarkelrios.ee08/ckpts/cal_ckpts/soylocal_vit_b16_cal.pth,True,False,0.07,1,gap,0.0005,,adamw,0.05,0,800,224,8,600,600,24.0,3.533,72.0,1.494,35.1067,0.8027,1.2474,96.2996,5.5626,
DGX-CN02,KD_try,3,soylocal,vit_t16,,vit_b16,cal,True,False,/home/edwinarkelrios.ee08/ckpts/cal_ckpts/soylocal_vit_b16_cal.pth,True,False,0.07,1,gap,0.0005,,adamw,0.05,0,800,224,8,600,600,23.17,3.596,88.17,1.046,60.7268,1.1992,1.2474,96.2996,5.5626,
DGX-CN01,KD_try,4,soylocal,resnet18,,,,False,False,,True,False,0.07,1,gap,0.0005,,adamw,0.05,0,800,224,8,600,600,36.0,3.078,72.0,0.739,16.8055,2.4297,1.8161,11.2791,11.2791,
DGX-CN01,KD_try,4,soylocal,resnet18,,resnet101,,False,False,/home/edwinarkelrios.ee08/ckpts/ft_ckpts/soylocal_resnet101.pth,True,False,0.07,1,gap,0.0005,,adamw,0.05,0,800,224,8,600,600,38.17,2.641,66.67,0.824,24.6261,2.5996,1.8161,54.1891,11.2791,
DGX-CN01,KD_try,4,soylocal,resnet18,,resnet101,cal,False,False,/home/edwinarkelrios.ee08/ckpts/cal_ckpts/soylocal_resnet101_cal.pth,True,False,0.07,1,gap,0.0005,,adamw,0.05,0,800,224,8,600,600,42.83,2.509,82.67,1.031,25.9851,2.6875,1.8161,66.9521,11.2791,
DGX-CN01,KD_try,4,soylocal,resnet18,,resnet101,cal,True,False,/home/edwinarkelrios.ee08/ckpts/cal_ckpts/soylocal_resnet101_cal.pth,True,False,0.07,1,gap,0.0005,,adamw,0.05,0,800,224,8,600,600,28.67,3.064,76.83,0.908,39.4088,2.9336,1.8161,66.9521,11.2791,
DGX-CN02,KD_try,4,soylocal,vit_t16,,,,False,False,,True,False,0.07,1,gap,0.0005,,adamw,0.05,0,800,224,8,600,600,20.33,5.754,77.83,0.891,26.4578,0.4102,1.2545,5.563,5.563,
DGX-CN02,KD_try,4,soylocal,vit_t16,,resnet101,,False,False,/home/edwinarkelrios.ee08/ckpts/ft_ckpts/soylocal_resnet101.pth,True,False,0.07,1,gap,0.0005,,adamw,0.05,0,800,224,8,600,600,21.83,3.797,71.5,1.103,33.7253,0.6777,1.2545,48.473,5.563,
DGX-CN02,KD_try,4,soylocal,vit_t16,,resnet101,cal,False,False,/home/edwinarkelrios.ee08/ckpts/cal_ckpts/soylocal_resnet101_cal.pth,True,False,0.07,1,gap,0.0005,,adamw,0.05,0,800,224,8,600,600,24.5,3.788,77.5,1.382,37.7286,0.6504,1.2474,61.2356,5.5626,
DGX-CN02,KD_try,4,soylocal,vit_t16,,resnet101,cal,True,False,/home/edwinarkelrios.ee08/ckpts/cal_ckpts/soylocal_resnet101_cal.pth,True,False,0.07,1,gap,0.0005,,adamw,0.05,0,800,224,8,600,600,27.67,3.519,77.33,1.348,60.5558,1.0996,1.2474,61.2356,5.5626,
DGX-CN02,KD_try,4,soylocal,vit_t16,,vit_b16,,False,False,/home/edwinarkelrios.ee08/ckpts/ft_ckpts/soylocal_vit_b16.pth,True,False,0.07,1,gap,0.0005,,adamw,0.05,0,800,224,8,600,600,21.17,3.996,76.67,1.088,32.1294,0.7324,1.2545,91.5155,5.563,
DGX-CN02,KD_try,4,soylocal,vit_t16,,vit_b16,cal,False,False,/home/edwinarkelrios.ee08/ckpts/cal_ckpts/soylocal_vit_b16_cal.pth,True,False,0.07,1,gap,0.0005,,adamw,0.05,0,800,224,8,600,600,23.33,3.682,69.17,1.41,35.0739,0.8027,1.2474,96.2996,5.5626,
DGX-CN02,KD_try,4,soylocal,vit_t16,,vit_b16,cal,True,False,/home/edwinarkelrios.ee08/ckpts/cal_ckpts/soylocal_vit_b16_cal.pth,True,False,0.07,1,gap,0.0005,,adamw,0.05,0,800,224,8,600,600,26.0,3.683,81.33,1.073,60.6213,1.2031,1.2474,96.2996,5.5626,
DGX-CN01,KD_try,5,soylocal,resnet18,,,,False,False,,True,False,0.07,1,gap,0.0005,,adamw,0.05,0,800,224,8,600,600,36.33,2.867,76.33,0.867,17.0128,2.4434,1.8161,11.2791,11.2791,
DGX-CN01,KD_try,5,soylocal,resnet18,,resnet101,,False,False,/home/edwinarkelrios.ee08/ckpts/ft_ckpts/soylocal_resnet101.pth,True,False,0.07,1,gap,0.0005,,adamw,0.05,0,800,224,8,600,600,38.5,2.595,81.83,0.961,24.4201,2.5996,1.8161,54.1891,11.2791,
DGX-CN01,KD_try,5,soylocal,resnet18,,resnet101,cal,False,False,/home/edwinarkelrios.ee08/ckpts/cal_ckpts/soylocal_resnet101_cal.pth,True,False,0.07,1,gap,0.0005,,adamw,0.05,0,800,224,8,600,600,40.0,2.482,79.67,1.155,26.2925,2.6914,1.8161,66.9521,11.2791,
DGX-CN01,KD_try,5,soylocal,resnet18,,resnet101,cal,True,False,/home/edwinarkelrios.ee08/ckpts/cal_ckpts/soylocal_resnet101_cal.pth,True,False,0.07,1,gap,0.0005,,adamw,0.05,0,800,224,8,600,600,28.67,3.084,81.0,1.114,38.1967,2.9336,1.8161,66.9521,11.2791,
DGX-CN02,KD_try,5,soylocal,vit_t16,,,,False,False,,True,False,0.07,1,gap,0.0005,,adamw,0.05,0,800,224,8,600,600,21.67,5.188,65.67,1.501,26.1682,0.3926,1.2545,5.563,5.563,
DGX-CN02,KD_try,5,soylocal,vit_t16,,resnet101,,False,False,/home/edwinarkelrios.ee08/ckpts/ft_ckpts/soylocal_resnet101.pth,True,False,0.07,1,gap,0.0005,,adamw,0.05,0,800,224,8,600,600,27.17,3.37,79.33,0.986,34.0012,0.5508,1.2545,48.473,5.563,
DGX-CN02,KD_try,5,soylocal,vit_t16,,resnet101,cal,False,False,/home/edwinarkelrios.ee08/ckpts/cal_ckpts/soylocal_resnet101_cal.pth,True,False,0.07,1,gap,0.0005,,adamw,0.05,0,800,224,8,600,600,26.67,3.41,74.5,1.419,35.4971,0.6484,1.2474,61.2356,5.5626,
DGX-CN02,KD_try,5,soylocal,vit_t16,,resnet101,cal,True,False,/home/edwinarkelrios.ee08/ckpts/cal_ckpts/soylocal_resnet101_cal.pth,True,False,0.07,1,gap,0.0005,,adamw,0.05,0,800,224,8,600,600,28.83,3.31,70.5,1.668,61.0639,1.0938,1.2474,61.2356,5.5626,
DGX-CN02,KD_try,5,soylocal,vit_t16,,vit_b16,,False,False,/home/edwinarkelrios.ee08/ckpts/ft_ckpts/soylocal_vit_b16.pth,True,False,0.07,1,gap,0.0005,,adamw,0.05,0,800,224,8,600,600,23.17,3.786,75.0,1.049,31.9644,0.7324,1.2545,91.5155,5.563,
DGX-CN02,KD_try,5,soylocal,vit_t16,,vit_b16,cal,False,False,/home/edwinarkelrios.ee08/ckpts/cal_ckpts/soylocal_vit_b16_cal.pth,True,False,0.07,1,gap,0.0005,,adamw,0.05,0,800,224,8,600,600,20.33,3.681,70.33,1.52,35.8183,0.8008,1.2474,96.2996,5.5626,
DGX-CN02,KD_try,5,soylocal,vit_t16,,vit_b16,cal,True,False,/home/edwinarkelrios.ee08/ckpts/cal_ckpts/soylocal_vit_b16_cal.pth,True,False,0.07,1,gap,0.0005,,adamw,0.05,0,800,224,8,600,600,27.17,3.449,84.83,0.907,55.3964,1.2031,1.2474,96.2996,5.5626,
